sheet,scope,jurisdiction,sub_jurisdiction,industry_or_topic,entity_type,entity_name,office_or_role,current_holder,priority,why_it_matters,source_url,rss_url,notes
Provincial_Sources,provincial,BC,,Government,"Premier's Office",BC Premier's Office,Premier,David Eby,1,"Sets provincial policy direction, major project approvals",https://news.gov.bc.ca/ministries/premier,https://news.gov.bc.ca/feed,NDP government
Provincial_Sources,provincial,BC,,Finance,Ministry,BC Ministry of Finance,Minister of Finance,Brenda Bailey,1,"Provincial budget, tax policy, economic forecasts",https://news.gov.bc.ca/ministries/finance,https://news.gov.bc.ca/feed,
Provincial_Sources,provincial,BC,,Economic Development,Ministry,"BC Ministry of Jobs, Economic Development and Innovation",Minister of Jobs/Econ Dev,Brenda Bailey,2,"Business incentives, trade, innovation policy",https://news.gov.bc.ca/ministries/jobs-economic-development-and-innovation,https://news.gov.bc.ca/feed,Dual role with Finance
Provincial_Sources,provincial,BC,,Government,RSS Feed,BC Gov News RSS,Government News,,2,All BC government news releases,https://news.gov.bc.ca,https://news.gov.bc.ca/feed,Comprehensive provincial feed
Provincial_Sources,provincial,AB,,Government,"Premier's Office",AB Premier's Office,Premier,Danielle Smith,1,"Sets provincial policy, energy/resource strategy",https://www.alberta.ca/premier.aspx,https://www.alberta.ca/news.rss,UCP government
Provincial_Sources,provincial,AB,,Finance,Ministry,AB Treasury Board and Finance,President of Treasury Board and Minister of Finance,Nate Horner,1,"Provincial budget, fiscal policy",https://www.alberta.ca/treasury-board-and-finance,https://www.alberta.ca/news.rss,
Provincial_Sources,provincial,AB,,Economic Development,Ministry,"AB Ministry of Jobs, Economy and Trade",Minister of Jobs/Economy/Trade,Matt Jones,2,"Economic diversification, trade, investment attraction",https://www.alberta.ca/jobs-economy-and-trade,https://www.alberta.ca/news.rss,
Provincial_Sources,provincial,AB,,Government,RSS Feed,Alberta News RSS,Government News,,2,All Alberta government news releases,https://www.alberta.ca/news,https://www.alberta.ca/news.rss,
Provincial_Sources,provincial,SK,,Government,"Premier's Office",SK Premier's Office,Premier,Scott Moe,1,"Provincial policy, resource development strategy",https://www.saskatchewan.ca/government/news-and-media,,,Saskatchewan Party government
Provincial_Sources,provincial,SK,,Finance,Ministry,SK Ministry of Finance,Minister of Finance,Donna Harpauer,1,"Provincial budget, fiscal framework",https://www.saskatchewan.ca/government/government-structure/ministries/finance,,
Provincial_Sources,provincial,SK,,Economic Development,Ministry,"SK Ministry of Trade and Export Development",Minister of Trade and Export Development,Jeremy Harrison,2,"Trade promotion, export growth, investment",https://www.saskatchewan.ca/government/government-structure/ministries/trade-and-export-development,,
Provincial_Sources,provincial,SK,,Government,RSS Feed,Saskatchewan News RSS,Government News,,2,Saskatchewan government releases,https://www.saskatchewan.ca/government/news-and-media,,Check for RSS availability
Provincial_Sources,provincial,MB,,Government,"Premier's Office",MB Premier's Office,Premier,Wab Kinew,1,"Provincial policy direction, reconciliation agenda",https://news.gov.mb.ca/news/index.html,,NDP government
Provincial_Sources,provincial,MB,,Finance,Ministry,MB Department of Finance,Minister of Finance,Adrien Sala,1,"Provincial budget, tax policy",https://www.gov.mb.ca/finance/,,
Provincial_Sources,provincial,MB,,Economic Development,Ministry,"MB Department of Economic Development, Investment and Trade",Minister of Economic Development,Jamie Moses,2,"Investment attraction, trade, business support",https://www.gov.mb.ca/jec/,,
Provincial_Sources,provincial,MB,,Government,RSS Feed,Manitoba News RSS,Government News,,2,Manitoba government releases,https://news.gov.mb.ca/news/index.html,,Check for RSS availability
Provincial_Sources,provincial,ON,,Government,"Premier's Office",ON Premier's Office,Premier,Doug Ford,1,"Largest province, sets tone for national economic policy",https://news.ontario.ca/en/office/premier,https://news.ontario.ca/newsroom/en/rss,PC government
Provincial_Sources,provincial,ON,,Finance,Ministry,ON Ministry of Finance,Minister of Finance,Peter Bethlenfalvy,1,"Largest provincial budget, major fiscal impact nationally",https://news.ontario.ca/en/ministry/finance,https://news.ontario.ca/newsroom/en/rss,
Provincial_Sources,provincial,ON,,Economic Development,Ministry,"ON Ministry of Economic Development, Job Creation and Trade",Minister of Economic Development,Vic Fedeli,2,"Ontario's economic strategy, trade offices, investment",https://news.ontario.ca/en/ministry/economic-development-job-creation-and-trade,https://news.ontario.ca/newsroom/en/rss,
Provincial_Sources,provincial,ON,,Government,RSS Feed,Ontario Newsroom RSS,Government News,,2,All Ontario government news releases,https://news.ontario.ca,https://news.ontario.ca/newsroom/en/rss,Comprehensive feed
Provincial_Sources,provincial,QC,,Government,"Premier's Office",QC Premier's Office,Premier,Francois Legault,1,"Quebec economic nationalism, language policy, major projects",https://www.quebec.ca/gouvernement/premier-ministre,,CAQ government
Provincial_Sources,provincial,QC,,Finance,Ministry,"QC Ministere des Finances",Minister of Finance,Eric Girard,1,"Quebec budget, tax policy, Caisse de depot direction",https://www.finances.gouv.qc.ca,,
Provincial_Sources,provincial,QC,,Economic Development,Ministry,"QC Ministere de l'Economie, de l'Innovation et de l'Energie","Minister of Economy, Innovation and Energy",Pierre Fitzgibbon,2,"Quebec Inc strategy, battery/EV supply chain, energy policy",https://www.economie.gouv.qc.ca,,
Provincial_Sources,provincial,QC,,Government,RSS Feed,Quebec Nouvelles RSS,Government News,,2,Quebec government releases,https://www.quebec.ca/nouvelles,,Check for RSS/Atom feed
Provincial_Sources,provincial,NB,,Government,"Premier's Office",NB Premier's Office,Premier,Susan Holt,1,"Atlantic growth corridor, energy exports",https://www2.gnb.ca/content/gnb/en/news.html,,Liberal government (replaced Higgs 2024)
Provincial_Sources,provincial,NB,,Finance,Ministry,NB Department of Finance and Treasury Board,Minister of Finance,Ernie Steeves,1,"Provincial budget, fiscal management",https://www2.gnb.ca/content/gnb/en/departments/finance.html,,Verify current holder under Holt
Provincial_Sources,provincial,NB,,Economic Development,Ministry,"NB Department of Economic Development",Minister of Economic Development,,2,"Investment attraction, trade",https://www2.gnb.ca/content/gnb/en/departments/economic_development.html,,New cabinet under Holt
Provincial_Sources,provincial,NB,,Government,RSS Feed,GNB News RSS,Government News,,2,New Brunswick government releases,https://www2.gnb.ca/content/gnb/en/news.html,,
Provincial_Sources,provincial,NS,,Government,"Premier's Office",NS Premier's Office,Premier,Tim Houston,1,"Atlantic immigration, ocean tech, defence procurement hub",https://novascotia.ca/news/,,PC government
Provincial_Sources,provincial,NS,,Finance,Ministry,NS Department of Finance and Treasury Board,Minister of Finance and Treasury Board,Allan MacMaster,1,"Provincial budget, fiscal management",https://novascotia.ca/finance/,,
Provincial_Sources,provincial,NS,,Economic Development,Ministry,NS Department of Economic Development,Minister of Economic Development,,2,"Trade, investment, innovation",https://novascotia.ca/business/,,
Provincial_Sources,provincial,NS,,Government,RSS Feed,Nova Scotia News RSS,Government News,,2,Nova Scotia government releases,https://novascotia.ca/news/,,
Provincial_Sources,provincial,PE,,Government,"Premier's Office",PEI Premier's Office,Premier,Dennis King,1,"Small province, bioscience/agrifood hub",https://www.princeedwardisland.ca/en/news,,PC government; verify current holder
Provincial_Sources,provincial,PE,,Finance,Ministry,PEI Department of Finance,Minister of Finance,,1,"Provincial budget, fiscal management",https://www.princeedwardisland.ca/en/topic/finance,,
Provincial_Sources,provincial,PE,,Economic Development,Ministry,"PEI Department of Economic Growth, Tourism and Culture",Minister of Econ Growth,,2,"Tourism, immigration, bioscience",https://www.princeedwardisland.ca/en/topic/economic-growth-tourism-and-culture,,
Provincial_Sources,provincial,PE,,Government,RSS Feed,PEI News RSS,Government News,,2,PEI government releases,https://www.princeedwardisland.ca/en/news,,
Provincial_Sources,provincial,NL,,Government,"Premier's Office",NL Premier's Office,Premier,Andrew Furey,1,"Offshore energy, Churchill Falls renegotiation",https://www.gov.nl.ca/releases/,,Liberal government
Provincial_Sources,provincial,NL,,Finance,Ministry,NL Department of Finance,Minister of Finance,,1,"Provincial budget, debt management",https://www.gov.nl.ca/fin/,,
Provincial_Sources,provincial,NL,,Economic Development,Ministry,"NL Department of Industry, Energy and Technology",Minister of IET,,2,"Offshore energy, tech sector, hydrogen",https://www.gov.nl.ca/iet/,,
Provincial_Sources,provincial,NL,,Government,RSS Feed,NL Releases RSS,Government News,,2,Newfoundland and Labrador releases,https://www.gov.nl.ca/releases/,,
Provincial_Sources,provincial,YT,,Government,"Premier's Office",YK Premier's Office,Premier,Ranj Pillai,1,"Mining, tourism, northern development",https://yukon.ca/en/news,,Liberal government
Provincial_Sources,provincial,YT,,Finance,Ministry,YK Department of Finance,Minister of Finance,,1,"Territorial budget, transfer payments",https://yukon.ca/en/department-finance,,
Provincial_Sources,provincial,YT,,Economic Development,Ministry,YK Department of Economic Development,Minister of Economic Development,,2,"Mining investment, tourism, diversification",https://yukon.ca/en/economic-development,,
Provincial_Sources,provincial,YT,,Government,RSS Feed,Yukon News RSS,Government News,,2,Yukon government releases,https://yukon.ca/en/news,,
Provincial_Sources,provincial,NT,,Government,"Premier's Office",NWT Premier's Office,Premier,R.J. Simpson,1,"Resource development, devolution, diamond mining",https://www.gov.nt.ca/en/newsroom,,Consensus government
Provincial_Sources,provincial,NT,,Finance,Ministry,NWT Department of Finance,Minister of Finance,,1,"Territorial budget, fiscal management",https://www.gov.nt.ca/en/services?department=finance,,
Provincial_Sources,provincial,NT,,Economic Development,Ministry,"NWT Department of Industry, Tourism and Investment",Minister of ITI,,2,"Mining, tourism, economic diversification",https://www.gov.nt.ca/en/services?department=industry-tourism-and-investment,,
Provincial_Sources,provincial,NT,,Government,RSS Feed,NWT News RSS,Government News,,2,NWT government releases,https://www.gov.nt.ca/en/newsroom,,
Provincial_Sources,provincial,NU,,Government,"Premier's Office",NU Premier's Office,Premier,P.J. Akeeagok,1,"Mining, infrastructure, Inuit self-governance",https://www.gov.nu.ca/news,,Consensus government
Provincial_Sources,provincial,NU,,Finance,Ministry,NU Department of Finance,Minister of Finance,,1,"Territorial budget, federal transfers",https://www.gov.nu.ca/finance,,
Provincial_Sources,provincial,NU,,Economic Development,Ministry,NU Department of Economic Development and Transportation,Minister of EDT,,2,"Mining, fisheries, Inuit economic development",https://www.gov.nu.ca/economic-development-and-transportation,,
Provincial_Sources,provincial,NU,,Government,RSS Feed,Nunavut News RSS,Government News,,2,Nunavut government releases,https://www.gov.nu.ca/news,,
CMA_Watchlist,municipal,BC,Vancouver,All,CMA,Vancouver,,,1,"Largest metro in Western Canada, major port, tech hub, housing crisis epicentre",https://www.vancouver.ca,,"Pop ~2.6M"
CMA_Watchlist,municipal,BC,Victoria,All,CMA,Victoria,,,2,"Provincial capital, tech sector, military base",https://www.victoria.ca,,"Pop ~400K"
CMA_Watchlist,municipal,BC,Kelowna,All,CMA,Kelowna,,,3,"Fast-growing, tech/agriculture/tourism",https://www.kelowna.ca,,"Pop ~220K"
CMA_Watchlist,municipal,BC,Abbotsford-Mission,All,CMA,Abbotsford-Mission,,,3,"Agriculture hub, flood risk area",https://www.abbotsford.ca,,"Pop ~200K"
CMA_Watchlist,municipal,BC,Nanaimo,All,CMA,Nanaimo,,,3,"Resource sector, ferry terminal, retirement",https://www.nanaimo.ca,,"Pop ~115K"
CMA_Watchlist,municipal,AB,Calgary,All,CMA,Calgary,,,1,"Energy HQ, fastest-growing major CMA, diversifying economy",https://www.calgary.ca,,"Pop ~1.6M"
CMA_Watchlist,municipal,AB,Edmonton,All,CMA,Edmonton,,,1,"Provincial capital, petrochemicals, logistics hub",https://www.edmonton.ca,,"Pop ~1.5M"
CMA_Watchlist,municipal,SK,Saskatoon,All,CMA,Saskatoon,,,2,"Potash/uranium mining hub, innovation corridor",https://www.saskatoon.ca,,"Pop ~330K"
CMA_Watchlist,municipal,SK,Regina,All,CMA,Regina,,,2,"Provincial capital, agriculture/energy services",https://www.regina.ca,,"Pop ~260K"
CMA_Watchlist,municipal,MB,Winnipeg,All,CMA,Winnipeg,,,2,"Transportation hub, manufacturing, aerospace",https://www.winnipeg.ca,,"Pop ~830K"
CMA_Watchlist,municipal,ON,Toronto,All,CMA,Toronto,,,1,"Canada's financial capital, largest CMA, major immigration destination",https://www.toronto.ca,,"Pop ~6.2M"
CMA_Watchlist,municipal,ON,Ottawa-Gatineau,All,CMA,Ottawa-Gatineau,,,1,"National capital, federal government hub, tech sector",https://www.ottawa.ca,,"Pop ~1.5M; cross-provincial"
CMA_Watchlist,municipal,ON,Hamilton,All,CMA,Hamilton,,,2,"Steel/manufacturing, healthcare, growing tech",https://www.hamilton.ca,,"Pop ~780K"
CMA_Watchlist,municipal,ON,Kitchener-Cambridge-Waterloo,All,CMA,Kitchener-Cambridge-Waterloo,,,2,"Tech triangle, manufacturing, universities",https://www.kitchener.ca,,"Pop ~600K"
CMA_Watchlist,municipal,ON,London,All,CMA,London,,,2,"Insurance/finance hub, healthcare, Western U",https://www.london.ca,,"Pop ~540K"
CMA_Watchlist,municipal,ON,Windsor,All,CMA,Windsor,,,2,"Auto manufacturing, cross-border trade, Gordie Howe Bridge",https://www.citywindsor.ca,,"Pop ~420K"
CMA_Watchlist,municipal,ON,St. Catharines-Niagara,All,CMA,St. Catharines-Niagara,,,3,"Tourism, wine region, manufacturing",https://www.stcatharines.ca,,"Pop ~410K"
CMA_Watchlist,municipal,ON,Oshawa,All,CMA,Oshawa,,,3,"Auto manufacturing (GM), logistics",https://www.oshawa.ca,,"Pop ~410K"
CMA_Watchlist,municipal,ON,Barrie,All,CMA,Barrie,,,3,"Fast-growing, commuter corridor, military base",https://www.barrie.ca,,"Pop ~210K"
CMA_Watchlist,municipal,ON,Guelph,All,CMA,Guelph,,,3,"Agri-food innovation, manufacturing, university",https://www.guelph.ca,,"Pop ~170K"
CMA_Watchlist,municipal,ON,Brantford,All,CMA,Brantford,,,3,"Manufacturing, growing commuter base",https://www.brantford.ca,,"Pop ~140K"
CMA_Watchlist,municipal,QC,Montreal,All,CMA,Montreal,,,1,"Second-largest CMA, aerospace/AI hub, pharmaceutical sector",https://www.montreal.ca,,"Pop ~4.3M"
CMA_Watchlist,municipal,QC,Quebec City,All,CMA,Quebec City,,,2,"Provincial capital, insurance/tech, defence procurement",https://www.ville.quebec.qc.ca,,"Pop ~830K"
CMA_Watchlist,municipal,QC,Sherbrooke,All,CMA,Sherbrooke,,,3,"University hub, manufacturing",https://www.sherbrooke.ca,,"Pop ~230K"
CMA_Watchlist,municipal,QC,Saguenay,All,CMA,Saguenay,,,3,"Aluminum smelting, hydroelectric, forestry",https://www.ville.saguenay.ca,,"Pop ~160K"
CMA_Watchlist,municipal,QC,Trois-Rivieres,All,CMA,Trois-Rivieres,,,3,"Pulp/paper, energy, manufacturing",https://www.v3r.net,,"Pop ~160K"
CMA_Watchlist,municipal,NB,Moncton,All,CMA,Moncton,,,3,"Bilingual services hub, logistics, call centres",https://www.moncton.ca,,"Pop ~170K"
CMA_Watchlist,municipal,NB,Saint John,All,CMA,Saint John,,,3,"Irving refinery, port city, manufacturing",https://www.saintjohn.ca,,"Pop ~130K"
CMA_Watchlist,municipal,NS,Halifax,All,CMA,Halifax,,,2,"Atlantic Canada's largest city, military, ocean tech, immigration hub",https://www.halifax.ca,,"Pop ~470K"
CMA_Watchlist,municipal,NL,St. John's,All,CMA,St. John's,,,2,"Offshore oil/gas hub, ocean technology",https://www.stjohns.ca,,"Pop ~210K"
Industry_Sources,federal,Canada,,NAICS 23/48-49,Federal Department,Transport Canada,Minister of Transport,,1,"Transportation safety, infrastructure, modal policy",https://tc.canada.ca,,
Industry_Sources,federal,Canada,,NAICS 21/22,Federal Department,Natural Resources Canada (NRCan),Minister of Energy and Natural Resources,,1,"Energy policy, mining, forestry, geoscience",https://natural-resources.canada.ca,,
Industry_Sources,federal,Canada,,NAICS 31-33/51/54,Federal Department,"Innovation, Science and Economic Development (ISED)",Minister of Industry,,1,"Innovation policy, spectrum, SME support, competition",https://ised-isde.canada.ca,,
Industry_Sources,federal,Canada,,NAICS 23/48-49,Federal Department,Infrastructure Canada,Minister of Housing/Infrastructure,,1,"Major infrastructure investment, transit, broadband",https://infrastructure.gc.ca,,
Industry_Sources,federal,Canada,,NAICS 91,Federal Department,Department of National Defence (DND),Minister of National Defence,,1,"Defence procurement, shipbuilding, military infrastructure",https://canada.ca/en/department-national-defence,,
Industry_Sources,federal,Canada,,All NAICS,Federal Department,Public Services and Procurement Canada (PSPC),Minister of PSPC,,1,"Federal procurement, CanadaBuys, government contracts",https://canada.ca/en/public-services-procurement,,
Industry_Sources,federal,Canada,,NAICS 21/22/48-49,Federal Agency,Canada Energy Regulator (CER),CEO,,1,"Pipeline/powerline approvals, energy exports, safety",https://cer-rec.gc.ca,,
Industry_Sources,federal,Canada,,NAICS 11,Federal Department,"Agriculture and Agri-Food Canada (AAFC)",Minister of Agriculture,,2,"Farm policy, trade, food safety, AgriInvest",https://agriculture.gc.ca,,
Industry_Sources,federal,Canada,,NAICS 11,Federal Department,Fisheries and Oceans Canada (DFO),Minister of Fisheries/Oceans,,2,"Fisheries management, aquaculture, marine protection",https://dfo-mpo.gc.ca,,
Industry_Sources,federal,Canada,,NAICS 62,Federal Department,Health Canada,Minister of Health,,2,"Drug approvals, medical devices, cannabis regulation",https://canada.ca/en/health-canada,,
Industry_Sources,federal,Canada,,NAICS 22/56,Federal Department,Environment and Climate Change Canada (ECCC),Minister of ECCC,,2,"Carbon pricing, environmental regulation, climate targets",https://canada.ca/en/environment-climate-change,,
Industry_Sources,federal,Canada,,NAICS 52,Federal Department,Department of Finance Canada,Minister of Finance,,1,"Fiscal policy, tax law, federal budget, debt management",https://canada.ca/en/department-finance,,
Industry_Sources,federal,Canada,,All NAICS,Federal Department,"Crown-Indigenous Relations and Northern Affairs (CIRNAC)",Minister of CIRNAC,,2,"Indigenous economic development, land claims, northern policy",https://canada.ca/en/crown-indigenous-relations-northern-affairs,,
Industry_Sources,federal,Canada,,All NAICS,Federal Agency,Impact Assessment Agency of Canada (IAAC),President,,1,"Environmental/impact assessments for major projects",https://iaac-aeic.gc.ca,,
Industry_Sources,federal,Canada,,NAICS 53,Federal Agency,Canada Mortgage and Housing Corporation (CMHC),CEO,,1,"Housing starts, mortgage insurance, housing policy research",https://cmhc-schl.gc.ca,,
Industry_Sources,federal,Canada,,NAICS 52,Federal Agency,Office of the Superintendent of Financial Institutions (OSFI),Superintendent,,2,"Bank/insurer regulation, capital requirements, systemic risk",https://osfi-bsif.gc.ca,,
Industry_Sources,federal,Canada,,All NAICS,Federal Agency,Statistics Canada (StatCan),Chief Statistician,,1,"GDP, CPI, labour force, trade data, census",https://statcan.gc.ca,,
Industry_Sources,federal,Canada,,NAICS 52,Federal Agency,Bank of Canada (BoC),Governor,,1,"Monetary policy, interest rates, financial stability, inflation targeting",https://bankofcanada.ca,,
Industry_Sources,federal,Canada,,NAICS 51,Federal Agency,"Canadian Radio-television and Telecommunications Commission (CRTC)",Chairperson,,2,"Telecom/broadcast regulation, spectrum, net neutrality",https://crtc.gc.ca,,
Industry_Sources,federal,Canada,,NAICS 48-49,Federal Agency,Canadian Transportation Agency (CTA),Chairperson,,2,"Air passenger rights, rail/marine disputes, accessibility",https://otc-cta.gc.ca,,
Industry_Sources,federal,Canada,,All NAICS,Federal Agency,Competition Bureau Canada,Commissioner,,2,"Merger review, anti-competitive practices, market studies",https://competition-bureau.canada.ca,,
Industry_Sources,federal,Canada,,NAICS 54,Federal Agency,National Research Council Canada (NRC),President,,2,"R&D, IRAP funding, industrial research partnerships",https://nrc.canada.ca,,
Industry_Sources,federal,Canada,,NAICS 61,Federal Department,"Immigration, Refugees and Citizenship Canada (IRCC)",Minister of Immigration,,3,"Immigration levels, work permits, labour market impact",https://canada.ca/en/immigration-refugees-citizenship,,
Industry_Sources,federal,Canada,,NAICS 62,Federal Agency,Public Health Agency of Canada (PHAC),President,,3,"Public health surveillance, pandemic preparedness",https://canada.ca/en/public-health,,
Industry_Sources,federal,Canada,,NAICS 51/71,Federal Department,Canadian Heritage,Minister of Canadian Heritage,,3,"Cultural industries, broadcasting, arts funding",https://canada.ca/en/canadian-heritage,,
Industry_Sources,federal,Canada,,NAICS 61,Federal Department,Employment and Social Development Canada (ESDC),Minister of ESDC,,3,"Labour standards, EI, skills training, CPP",https://canada.ca/en/employment-social-development,,
Industry_Sources,federal,Canada,,NAICS 72,Federal Agency,Destination Canada,CEO,,3,"Tourism marketing, visitor economy data",https://destinationcanada.com,,
Industry_Sources,federal,Canada,,NAICS 62,Federal Agency,Canadian Institute for Health Information (CIHI),President/CEO,,3,"Health system data, hospital spending, wait times",https://cihi.ca,,
Industry_Sources,federal,Canada,,All NAICS,Federal Agency,SEDAR+,Administrator,,2,"Public company filings, prospectuses, continuous disclosure",https://sedarplus.ca,,
Industry_Sources,federal,Canada,,NAICS 21/22,Federal Portal,Canadian Energy Information Portal,Administrator,,2,"Energy production data, supply/demand balances",https://energy-information.canada.ca,,
Industry_Sources,federal,Canada,,All NAICS,Federal Publication,Canada Gazette,Editor,,2,"Regulatory proposals, orders-in-council, statutory instruments",https://gazette.gc.ca,,
Industry_Sources,federal,Canada,,All NAICS,Federal Portal,Open Government Portal,Administrator,,3,"Open data, federal datasets, proactive disclosure",https://open.canada.ca,,
Industry_Sources,provincial,BC,,All NAICS,Provincial Agency,BC Environmental Assessment Office (BC EAO),Executive Director,,1,"BC major project environmental assessments",https://www.projects.eao.gov.bc.ca,,JSON API available
Industry_Sources,provincial,ON,,All NAICS,Provincial Agency,Ontario Environment Ministry (EA Branch),Director,,2,"Ontario environmental assessments for major projects",https://www.ontario.ca/page/environmental-assessments,,
Industry_Sources,provincial,AB,,All NAICS,Provincial Agency,"Alberta Energy Regulator (AER)",President/CEO,,1,"Alberta oil/gas/pipeline regulation and approvals",https://www.aer.ca,,
Industry_Sources,provincial,AB,,All NAICS,Provincial Agency,Alberta Environmental Protection and Enhancement,Deputy Minister,,2,"Alberta environmental approvals, monitoring",https://www.alberta.ca/environment-and-protected-areas,,Formerly Alberta Environment and Parks
Industry_Sources,provincial,QC,,All NAICS,Provincial Agency,"Bureau d'audiences publiques sur l'environnement (BAPE)",President,,2,"Quebec environmental assessments and public hearings",https://www.bape.gouv.qc.ca,,
Industry_Sources,federal,Canada,,NAICS 21,Federal Agency,Canada-Newfoundland Offshore Petroleum Board (C-NLOPB),CEO,,2,"Offshore oil/gas regulation, NL continental shelf",https://www.cnlopb.ca,,
Industry_Sources,federal,Canada,,NAICS 21,Federal Agency,Canada-Nova Scotia Offshore Petroleum Board (CNSOPB),CEO,,2,"Offshore oil/gas regulation, NS continental shelf",https://www.cnsopb.ns.ca,,
Industry_Sources,federal,Canada,,All NAICS,Federal Agency,Export Development Canada (EDC),President/CEO,,2,"Export financing, trade credit insurance, investment",https://www.edc.ca,,
Industry_Sources,federal,Canada,,All NAICS,Federal Agency,Business Development Bank of Canada (BDC),President/CEO,,2,"SME financing, venture capital, advisory services",https://www.bdc.ca,,
Industry_Sources,federal,Canada,,NAICS 52,Federal Agency,Canada Deposit Insurance Corporation (CDIC),CEO,,3,"Deposit insurance, financial stability backstop",https://www.cdic.ca,,
Industry_Sources,federal,Canada,,All NAICS,Federal Agency,Canada Infrastructure Bank (CIB),CEO,,1,"Co-investment in revenue-generating infrastructure, P3s",https://cib-bic.ca,,
Industry_Sources,federal,Canada,,NAICS 48-49,Federal Agency,Canada Port Authorities (various),CEOs,,2,"Major port operations: Vancouver, Montreal, Halifax, etc.",https://tc.canada.ca/en/marine-transportation/ports,,Multiple entities
Industry_Sources,federal,Canada,,NAICS 21,Federal Agency,National Energy Board Library (archived),Archivist,,3,"Historical energy decisions, now under CER",https://apps.cer-rec.gc.ca/REGDOCS,,Legacy resource
Industry_Sources,federal,Canada,,NAICS 48-49,Federal Crown Corp,VIA Rail Canada,President/CEO,,3,"Passenger rail, High Frequency Rail project",https://www.viarail.ca,,
Industry_Sources,federal,Canada,,All NAICS,Federal Agency,Invest in Canada,CEO,,2,"Foreign direct investment attraction, site selection",https://www.investcanada.ca,,
Industry_Sources,federal,Canada,,NAICS 51,Federal Agency,Communications Security Establishment (CSE),Chief,,3,"Cybersecurity, signals intelligence, critical infrastructure protection",https://www.cse-cst.gc.ca,,
Industry_Sources,federal,Canada,,All NAICS,Federal Agency,Treasury Board of Canada Secretariat (TBS),President,,2,"Government spending oversight, regulatory policy, digital government",https://www.canada.ca/en/treasury-board-secretariat,,
Industry_Sources,federal,Canada,,NAICS 52,Federal Agency,Financial Consumer Agency of Canada (FCAC),Commissioner,,3,"Consumer protection, financial literacy, bank compliance",https://www.canada.ca/en/financial-consumer-agency,,
Industry_Sources,federal,Canada,,NAICS 52,Federal Agency,Financial Transactions and Reports Analysis Centre (FINTRAC),Director,,3,"Anti-money laundering, terrorist financing, financial intelligence",https://www.fintrac-canafe.gc.ca,,
Industry_Sources,provincial,SK,,NAICS 21,Provincial Agency,Saskatchewan Energy Regulator,Executive Director,,2,"Saskatchewan oil/gas regulation",https://www.saskatchewan.ca/business/agriculture-natural-resources-and-industry/oil-and-gas,,
Industry_Sources,provincial,MB,,All NAICS,Provincial Agency,Manitoba Clean Environment Commission,Chairperson,,3,"Manitoba environmental assessments",https://www.cecmanitoba.ca,,
Industry_Sources,federal,Canada,,NAICS 48-49,Federal Crown Corp,NAV CANADA,President/CEO,,3,"Air navigation services, airspace management",https://www.navcanada.ca,,
Industry_Sources,federal,Canada,,NAICS 48-49,Federal Agency,Canadian Air Transport Security Authority (CATSA),President/CEO,,3,"Airport security screening",https://www.catsa-acsta.gc.ca,,
Industry_Sources,federal,Canada,,NAICS 22,Federal Crown Corp,Atomic Energy of Canada Limited (AECL),President/CEO,,2,"Nuclear laboratories, SMR development, radioactive waste",https://www.aecl.ca,,
Industry_Sources,provincial,ON,,NAICS 22,Provincial Agency,Ontario Energy Board (OEB),CEO,,2,"Ontario electricity/gas rate regulation, market oversight",https://www.oeb.ca,,
Industry_Sources,provincial,AB,,NAICS 22,Provincial Agency,Alberta Utilities Commission (AUC),Chair,,2,"Alberta utilities rate regulation",https://www.auc.ab.ca,,
Industry_Sources,provincial,QC,,NAICS 22,Provincial Crown Corp,Hydro-Quebec,President/CEO,,1,"Quebec electricity generation/transmission, major dam projects",https://www.hydroquebec.com,,Crown corporation
Industry_Sources,provincial,BC,,NAICS 22,Provincial Crown Corp,BC Hydro,President/CEO,,2,"BC electricity, Site C dam, clean energy",https://www.bchydro.com,,Crown corporation
Industry_Sources,provincial,ON,,NAICS 22,Provincial Agency,Independent Electricity System Operator (IESO),President/CEO,,2,"Ontario electricity market operator, system planning",https://www.ieso.ca,,
Public_Figures_Canada,federal,Canada,,Government,Person,Mark Carney,Prime Minister,,1,"Head of government, sets national economic agenda, trade policy with US",https://pm.gc.ca,,Former BoC/BoE Governor
Public_Figures_Canada,federal,Canada,,Finance,Person,Francois-Philippe Champagne,Minister of Finance,,1,"Federal budget, tax policy, fiscal framework, debt management",https://canada.ca/en/department-finance,,
Public_Figures_Canada,federal,Canada,,Trade/Intergovernmental,Person,Dominic LeBlanc,"Minister of Public Safety, Democratic Institutions and Intergovernmental Affairs",,1,"Federal-provincial relations, interprovincial trade, public safety",https://canada.ca/en/public-safety-canada,,
Public_Figures_Canada,federal,Canada,,Industry,Person,Melanie Joly,Minister of Industry,,1,"Innovation policy, competition, SME support, investment attraction",https://ised-isde.canada.ca,,
Public_Figures_Canada,federal,Canada,,Energy,Person,Tim Hodgson,"Minister of Energy and Natural Resources",,1,"Energy transition, pipelines, mining, LNG exports",https://natural-resources.canada.ca,,
Public_Figures_Canada,federal,Canada,,Transport,Person,Steven MacKinnon,Minister of Transport,,1,"Transportation infrastructure, ports, rail safety, aviation",https://tc.canada.ca,,
Public_Figures_Canada,federal,Canada,,Housing,Person,Gregor Robertson,"Minister of Housing, Infrastructure and Communities",,1,"Housing starts, infrastructure bank, transit investment",https://infrastructure.gc.ca,,
Public_Figures_Canada,federal,Canada,,International Trade,Person,Maninder Sidhu,Minister of International Trade,,1,"CUSMA, trade diversification, export promotion, tariff response",https://international.gc.ca,,
Public_Figures_Canada,federal,Canada,,Monetary Policy,Person,Tiff Macklem,Governor of the Bank of Canada,,1,"Interest rates, inflation targeting, financial stability, QT/QE",https://bankofcanada.ca,,Term to 2027
Public_Figures_Canada,federal,Canada,,Statistics,Person,Andre Loranger,Chief Statistician of Canada,,2,"GDP, CPI, LFS data quality, census, national accounts",https://statcan.gc.ca,,
Public_Figures_Canada,federal,Canada,,Energy Regulation,Person,Melanie Debassige,CEO Canada Energy Regulator,,2,"Pipeline/transmission approvals, energy exports, Indigenous consultation",https://cer-rec.gc.ca,,
Public_Figures_Canada,federal,Canada,,Impact Assessment,Person,Terence Hubbard,President IAAC,,2,"Major project environmental/impact assessments",https://iaac-aeic.gc.ca,,
Public_Figures_Canada,municipal,Canada,ON,Municipal,Person,Olivia Chow,Mayor of Toronto,,2,"Canada's largest city, housing, transit, immigration settlement",https://www.toronto.ca,,
Public_Figures_Canada,municipal,Canada,QC,Municipal,Person,Valerie Plante,Mayor of Montreal,,2,"Second-largest city, aerospace/AI corridor, cultural industries",https://www.montreal.ca,,
Public_Figures_Canada,municipal,Canada,BC,Municipal,Person,Ken Sim,Mayor of Vancouver,,2,"West Coast gateway, housing crisis, port city, tech hub",https://www.vancouver.ca,,ABC party
Public_Figures_Canada,municipal,Canada,AB,Municipal,Person,Jyoti Gondek,Mayor of Calgary,,2,"Energy HQ, fastest-growing CMA, economic diversification",https://www.calgary.ca,,
Public_Figures_Canada,municipal,Canada,AB,Municipal,Person,Amarjeet Sohi,Mayor of Edmonton,,2,"Petrochemicals hub, logistics, provincial capital",https://www.edmonton.ca,,
Public_Figures_Canada,municipal,Canada,ON,Municipal,Person,Mark Sutcliffe,Mayor of Ottawa,,2,"National capital, federal government hub, tech sector",https://www.ottawa.ca,,
Public_Figures_Canada,municipal,Canada,QC,Municipal,Person,Bruno Marchand,Mayor of Quebec City,,2,"Provincial capital, defence procurement, insurance/tech",https://www.ville.quebec.qc.ca,,
Public_Figures_Canada,municipal,Canada,NS,Municipal,Person,Andy Fillmore,Mayor of Halifax,,2,"Atlantic hub, military, ocean tech, immigration gateway",https://www.halifax.ca,,
Global_Watchlist,international,US,,Government,Person,Donald Trump,President of the United States,,1,"US trade policy, tariffs on Canada, energy policy, NATO",https://www.whitehouse.gov,,47th President
Global_Watchlist,international,US,,Finance,Person,Scott Bessent,US Secretary of the Treasury,,1,"US fiscal policy, bond markets, sanctions, CFIUS",https://home.treasury.gov,,
Global_Watchlist,international,US,,Monetary Policy,Person,Jerome Powell,Chair of the Federal Reserve,,1,"US interest rates, inflation, global liquidity, USD strength",https://www.federalreserve.gov,,Term to 2026
Global_Watchlist,international,US,,Trade,Person,Jamieson Greer,US Trade Representative,,1,"CUSMA enforcement, tariffs, trade disputes with Canada",https://ustr.gov,,
Global_Watchlist,international,US,,Trade/Commerce,Person,Howard Lutnick,US Secretary of Commerce,,1,"Export controls, tariff implementation, trade data",https://www.commerce.gov,,
Global_Watchlist,international,US,,Energy,Person,Chris Wright,US Secretary of Energy,,1,"US energy policy, LNG exports, nuclear, grid reliability",https://www.energy.gov,,
Global_Watchlist,international,US,,Government,Agency,White House / NEC / CEA,Economic Advisory,,1,"US economic strategy, executive orders, deregulation agenda",https://www.whitehouse.gov,,National Economic Council + Council of Economic Advisers
Global_Watchlist,international,US,,Finance,Agency,US Department of the Treasury,Fiscal/Monetary Policy,,1,"US debt management, sanctions, IRS, tax policy",https://home.treasury.gov,,
Global_Watchlist,international,US,,Monetary Policy,Agency,Federal Reserve System,Central Bank,,1,"Federal funds rate, QT, banking supervision, financial stability",https://www.federalreserve.gov,,12 regional banks + Board of Governors
Global_Watchlist,international,US,,Trade,Agency,Office of the US Trade Representative (USTR),Trade Negotiation,,1,"CUSMA disputes, Section 301, trade agreements",https://ustr.gov,,
Global_Watchlist,international,US,,Trade/Commerce,Agency,US Department of Commerce,Trade/Industry,,1,"Export controls, BIS, Census trade data, ITA",https://www.commerce.gov,,Bureau of Industry and Security
Global_Watchlist,international,US,,Energy,Agency,US Department of Energy (DOE),Energy Policy,,1,"LNG export permits, SPR, clean energy, nuclear",https://www.energy.gov,,
Global_Watchlist,international,US,,Foreign Policy,Agency,US Department of State,Diplomacy,,2,"US-Canada bilateral relations, Arctic policy, sanctions",https://www.state.gov,,
Global_Watchlist,international,US,,Defence,Agency,US Department of Defense (Pentagon),Military/Procurement,,2,"NORAD, defence procurement, Arctic security, NATO",https://www.defense.gov,,
Global_Watchlist,international,China,,Government,Person,Xi Jinping,President of the People's Republic of China,,1,"Global trade dynamics, commodity demand, geopolitics",https://english.www.gov.cn,,General Secretary CPC
Global_Watchlist,international,China,,Monetary Policy,Person,Pan Gongsheng,Governor of the People's Bank of China,,1,"Yuan policy, capital flows, monetary easing, reserve management",http://www.pbc.gov.cn/en,,
Global_Watchlist,international,China,,Trade,Person,Wang Wentao,Minister of Commerce (MOFCOM),,1,"China trade policy, retaliatory tariffs, commodity imports",http://english.mofcom.gov.cn,,
Global_Watchlist,international,China,,Economic Planning,Person,Zheng Shanjie,Chairman of NDRC,,1,"China industrial policy, investment planning, commodity controls",https://en.ndrc.gov.cn,,National Development and Reform Commission
Global_Watchlist,international,China,,Monetary Policy,Agency,People's Bank of China (PBOC),Central Bank,,1,"Yuan exchange rate, reserve requirements, lending rates",http://www.pbc.gov.cn/en,,
Global_Watchlist,international,China,,Trade,Agency,Ministry of Commerce (MOFCOM),Trade Policy,,1,"Import/export controls, anti-dumping, trade negotiations",http://english.mofcom.gov.cn,,
Global_Watchlist,international,China,,Economic Planning,Agency,National Development and Reform Commission (NDRC),Economic Planning,,1,"Five-year plans, infrastructure investment, price controls",https://en.ndrc.gov.cn,,
Global_Watchlist,international,China,,State-Owned Enterprises,Agency,State-owned Assets Supervision and Administration Commission (SASAC),SOE Oversight,,2,"China SOE strategy, overseas investment, commodity procurement",http://en.sasac.gov.cn,,
Global_Watchlist,international,China,,Trade,Agency,General Administration of Customs,Trade Data,,2,"China trade statistics, import/export volumes, commodity flows",http://english.customs.gov.cn,,
Global_Watchlist,international,EU,,Government,Person,Ursula von der Leyen,President of the European Commission,,1,"EU trade policy, Green Deal, regulatory frameworks",https://ec.europa.eu,,
Global_Watchlist,international,EU,,Monetary Policy,Person,Christine Lagarde,President of the European Central Bank,,1,"Eurozone rates, inflation, financial stability, EUR strength",https://www.ecb.europa.eu,,
Global_Watchlist,international,EU,,Trade,Person,Maros Sefcovic,Executive VP / Trade Commissioner,,1,"EU-Canada CETA, trade disputes, supply chain diversification",https://ec.europa.eu/commission,,
Global_Watchlist,international,EU,,Government,Agency,European Commission,EU Executive,,1,"EU legislation, trade agreements, competition, Green Deal",https://ec.europa.eu,,
Global_Watchlist,international,EU,,Monetary Policy,Agency,European Central Bank (ECB),Central Bank,,1,"Eurozone monetary policy, banking supervision, TARGET2",https://www.ecb.europa.eu,,
Global_Watchlist,international,EU,,Trade,Agency,DG Trade (European Commission),Trade Policy,,2,"CETA implementation, WTO, bilateral trade agreements",https://policy.trade.ec.europa.eu,,
Global_Watchlist,international,UK,,Government,Person,Keir Starmer,Prime Minister of the United Kingdom,,1,"UK trade policy, CPTPP, financial services, energy transition",https://www.gov.uk/government/organisations/prime-ministers-office-10-downing-street,,Labour government
Global_Watchlist,international,UK,,Finance,Person,Rachel Reeves,Chancellor of the Exchequer,,1,"UK fiscal policy, budget, tax, financial regulation",https://www.gov.uk/government/organisations/hm-treasury,,
Global_Watchlist,international,UK,,Monetary Policy,Person,Andrew Bailey,Governor of the Bank of England,,1,"UK rates, inflation, GBP, financial stability",https://www.bankofengland.co.uk,,
Global_Watchlist,international,UK,,Trade/Business,Person,Jonathan Reynolds,Secretary of State for Business and Trade,,1,"UK-Canada trade, CPTPP, investment, industrial strategy",https://www.gov.uk/government/organisations/department-for-business-and-trade,,
Global_Watchlist,international,UK,,Finance,Agency,HM Treasury,Fiscal Policy,,1,"UK budget, tax policy, financial regulation framework",https://www.gov.uk/government/organisations/hm-treasury,,
Global_Watchlist,international,UK,,Monetary Policy,Agency,Bank of England (BoE),Central Bank,,1,"UK monetary policy, prudential regulation, FPC",https://www.bankofengland.co.uk,,
Global_Watchlist,international,UK,,Trade/Business,Agency,Department for Business and Trade (DBT),Trade/Industry,,2,"UK trade promotion, investment, CPTPP, business regulation",https://www.gov.uk/government/organisations/department-for-business-and-trade,,
Global_Watchlist,international,Japan,,Monetary Policy,Person,Kazuo Ueda,Governor of the Bank of Japan,,2,"JPY policy, yield curve control, global liquidity impact",https://www.boj.or.jp/en,,
Global_Watchlist,international,Japan,,Government,Person,Shigeru Ishiba,Prime Minister of Japan,,2,"Japan trade, CPTPP, auto exports, semiconductor policy",https://japan.kantei.go.jp,,
Global_Watchlist,international,Japan,,Monetary Policy,Agency,Bank of Japan (BoJ),Central Bank,,2,"Japanese monetary policy, JPY, global capital flows",https://www.boj.or.jp/en,,
Global_Watchlist,international,OPEC+,,Energy,Agency,OPEC+,Oil Cartel,,1,"Oil production quotas, crude price impact on CAD and Alberta revenues",https://www.opec.org,,Saudi-Russia led
Global_Watchlist,international,Global,,Trade,Agency,World Trade Organization (WTO),Trade Rules,,2,"Trade dispute resolution, tariff rules, multilateral framework",https://www.wto.org,,
Provincial_Dept_Officials,provincial,BC,,Government,Person,David Eby,Premier,David Eby,1,"Head of BC government, sets overall policy direction",https://news.gov.bc.ca/ministries/premier,,NDP
Provincial_Dept_Officials,provincial,BC,,Finance,Person,Brenda Bailey,Minister of Finance,Brenda Bailey,1,"BC budget, tax policy, economic forecasts",https://news.gov.bc.ca/ministries/finance,,
Provincial_Dept_Officials,provincial,BC,,Energy,Person,Josie Osborne,"Minister of Energy, Mines and Low Carbon Innovation",Josie Osborne,2,"BC energy policy, mining regulation, LNG",https://news.gov.bc.ca/ministries/energy-mines-and-low-carbon-innovation,,
Provincial_Dept_Officials,provincial,BC,,Transportation,Person,Rob Fleming,Minister of Transportation and Infrastructure,Rob Fleming,2,"BC highways, transit, infrastructure projects",https://news.gov.bc.ca/ministries/transportation-and-infrastructure,,
Provincial_Dept_Officials,provincial,BC,,Housing,Person,Ravi Kahlon,Minister of Housing,Ravi Kahlon,2,"BC housing policy, affordability, construction targets",https://news.gov.bc.ca/ministries/housing,,
Provincial_Dept_Officials,provincial,BC,,Environment,Person,George Heyman,Minister of Environment and Climate Change Strategy,George Heyman,2,"BC environmental policy, climate action, carbon tax",https://news.gov.bc.ca/ministries/environment-and-climate-change-strategy,,
Provincial_Dept_Officials,provincial,BC,,Economic Development,Person,Brenda Bailey,"Minister of Jobs, Economic Development and Innovation",Brenda Bailey,2,"BC business incentives, trade, innovation",https://news.gov.bc.ca/ministries/jobs-economic-development-and-innovation,,Dual with Finance
Provincial_Dept_Officials,provincial,BC,,Agriculture,Person,Lana Popham,Minister of Agriculture and Food,Lana Popham,2,"BC agriculture, food security, wine industry",https://news.gov.bc.ca/ministries/agriculture-and-food,,
Provincial_Dept_Officials,provincial,BC,,Labour,Person,Harry Bains,Minister of Labour,Harry Bains,2,"BC labour standards, WorkSafeBC, trades training",https://news.gov.bc.ca/ministries/labour,,
Provincial_Dept_Officials,provincial,BC,,Forestry,Person,Bruce Ralston,Minister of Forests,Bruce Ralston,2,"BC forestry policy, timber supply, old growth",https://news.gov.bc.ca/ministries/forests,,
Provincial_Dept_Officials,provincial,BC,,Indigenous Relations,Person,Murray Rankin,Minister of Indigenous Relations and Reconciliation,Murray Rankin,2,"BC First Nations consultation, treaty negotiations",https://news.gov.bc.ca/ministries/indigenous-relations-and-reconciliation,,
Provincial_Dept_Officials,provincial,BC,,Government,Person,Shannon Salter,Deputy Minister to the Premier / Head of BC Public Service,Shannon Salter,2,"Top BC bureaucrat, coordinates deputy ministers",https://www2.gov.bc.ca,,
Provincial_Dept_Officials,provincial,BC,,Utilities Regulation,Person,,Chair of BC Utilities Commission,,2,"BC electricity/gas rate regulation",https://www.bcuc.com,,
Provincial_Dept_Officials,provincial,BC,,Crown Corp,Person,,CEO of BC Hydro,,2,"BC electricity generation, Site C, clean energy",https://www.bchydro.com,,
Provincial_Dept_Officials,provincial,BC,,Crown Corp,Person,,CEO of ICBC,,3,"BC auto insurance, claims, rates",https://www.icbc.com,,
Provincial_Dept_Officials,provincial,AB,,Government,Person,Danielle Smith,Premier,Danielle Smith,1,"Head of AB government, energy sovereignty, investment attraction",https://www.alberta.ca/premier,,UCP
Provincial_Dept_Officials,provincial,AB,,Finance,Person,Nate Horner,President of Treasury Board and Minister of Finance,Nate Horner,1,"AB budget, Heritage Fund, fiscal policy",https://www.alberta.ca/treasury-board-and-finance,,
Provincial_Dept_Officials,provincial,AB,,Energy,Person,Brian Jean,Minister of Energy and Minerals,Brian Jean,2,"AB oil/gas policy, royalties, petrochemicals",https://www.alberta.ca/energy-and-minerals,,
Provincial_Dept_Officials,provincial,AB,,Transportation,Person,Devin Dreeshen,Minister of Transportation and Economic Corridors,Devin Dreeshen,2,"AB highways, economic corridors, trade routes",https://www.alberta.ca/transportation-and-economic-corridors,,
Provincial_Dept_Officials,provincial,AB,,Housing,Person,Jason Nixon,Minister of Seniors Community and Social Services,Jason Nixon,2,"AB housing, seniors care, social services",https://www.alberta.ca/seniors-community-and-social-services,,
Provincial_Dept_Officials,provincial,AB,,Environment,Person,Rebecca Schulz,Minister of Environment and Protected Areas,Rebecca Schulz,2,"AB environmental monitoring, parks, tailings ponds",https://www.alberta.ca/environment-and-protected-areas,,
Provincial_Dept_Officials,provincial,AB,,Economic Development,Person,Matt Jones,"Minister of Jobs, Economy and Trade",Matt Jones,2,"AB economic diversification, investment attraction, trade",https://www.alberta.ca/jobs-economy-and-trade,,
Provincial_Dept_Officials,provincial,AB,,Agriculture,Person,RJ Sigurdson,Minister of Agriculture and Irrigation,RJ Sigurdson,2,"AB agriculture, irrigation, food processing",https://www.alberta.ca/agriculture-and-irrigation,,
Provincial_Dept_Officials,provincial,AB,,Labour,Person,Matt Jones,Minister of Jobs/Economy/Trade (includes labour),Matt Jones,2,"AB labour market, skills training, workforce",https://www.alberta.ca/jobs-economy-and-trade,,
Provincial_Dept_Officials,provincial,AB,,Health,Person,Adriana LaGrange,Minister of Health,Adriana LaGrange,2,"AB healthcare system, capital projects, AHS restructuring",https://www.alberta.ca/health,,
Provincial_Dept_Officials,provincial,AB,,Government,Person,,Deputy Minister of Executive Council,Clerk of Executive Council,2,"Top AB bureaucrat, coordinates government",https://www.alberta.ca,,
Provincial_Dept_Officials,provincial,AB,,Energy Regulation,Person,,CEO of Alberta Energy Regulator,,2,"AB oil/gas/pipeline approvals, environmental compliance",https://www.aer.ca,,
Provincial_Dept_Officials,provincial,AB,,Utilities Regulation,Person,,Chair of Alberta Utilities Commission,,2,"AB electricity/gas rate regulation",https://www.auc.ab.ca,,
Provincial_Dept_Officials,provincial,AB,,Crown Corp,Person,,President of Alberta Investment Management Corp (AIMCo),,2,"AB pension/endowment investment, Heritage Fund manager",https://www.aimco.ca,,
Provincial_Dept_Officials,provincial,AB,,Crown Corp,Person,,President of ATB Financial,,3,"AB Crown financial institution",https://www.atb.com,,
Provincial_Dept_Officials,provincial,SK,,Government,Person,Scott Moe,Premier,Scott Moe,1,"Head of SK government, resource development, trade",https://www.saskatchewan.ca/government,,Saskatchewan Party
Provincial_Dept_Officials,provincial,SK,,Finance,Person,Donna Harpauer,Minister of Finance,Donna Harpauer,1,"SK budget, fiscal management, equalization",https://www.saskatchewan.ca/government/government-structure/ministries/finance,,
Provincial_Dept_Officials,provincial,SK,,Energy,Person,Jim Reiter,Minister of Energy and Resources,Jim Reiter,2,"SK oil/gas, potash, uranium, helium policy",https://www.saskatchewan.ca/government/government-structure/ministries/energy-and-resources,,
Provincial_Dept_Officials,provincial,SK,,Transportation,Person,Fred Bradshaw,Minister of Highways,Fred Bradshaw,2,"SK highway infrastructure, transportation corridors",https://www.saskatchewan.ca/government/government-structure/ministries/highways,,
Provincial_Dept_Officials,provincial,SK,,Trade,Person,Jeremy Harrison,Minister of Trade and Export Development,Jeremy Harrison,2,"SK trade, export promotion, investment attraction",https://www.saskatchewan.ca/government/government-structure/ministries/trade-and-export-development,,
Provincial_Dept_Officials,provincial,SK,,Agriculture,Person,David Marit,Minister of Agriculture,David Marit,2,"SK crop/livestock policy, irrigation, food processing",https://www.saskatchewan.ca/government/government-structure/ministries/agriculture,,
Provincial_Dept_Officials,provincial,SK,,Environment,Person,Dana Skoropad,Minister of Environment,Dana Skoropad,2,"SK environmental regulation, water management",https://www.saskatchewan.ca/government/government-structure/ministries/environment,,
Provincial_Dept_Officials,provincial,SK,,Labour,Person,Don Morgan,Minister of Labour Relations and Workplace Safety,Don Morgan,2,"SK labour standards, workplace safety",https://www.saskatchewan.ca/government/government-structure/ministries/labour-relations-and-workplace-safety,,
Provincial_Dept_Officials,provincial,SK,,Housing,Person,,Minister of Social Services,,2,"SK housing, social assistance",https://www.saskatchewan.ca/government/government-structure/ministries/social-services,,
Provincial_Dept_Officials,provincial,SK,,Government,Person,,Deputy Minister to the Premier / Cabinet Secretary,,2,"Top SK bureaucrat, coordinates government",https://www.saskatchewan.ca,,
Provincial_Dept_Officials,provincial,SK,,Crown Corp,Person,,President of SaskPower,,2,"SK electricity generation and distribution",https://www.saskpower.com,,
Provincial_Dept_Officials,provincial,SK,,Crown Corp,Person,,President of SaskEnergy,,2,"SK natural gas distribution",https://www.saskenergy.com,,
Provincial_Dept_Officials,provincial,SK,,Crown Corp,Person,,President of SaskTel,,3,"SK telecommunications Crown corp",https://www.sasktel.com,,
Provincial_Dept_Officials,provincial,SK,,Crown Corp,Person,,President of SGI,,3,"SK auto insurance and property/casualty",https://www.sgi.sk.ca,,
Provincial_Dept_Officials,provincial,SK,,Mining Regulation,Person,,Chair of SK Environmental Assessment Board,,2,"SK major project environmental reviews",https://www.saskatchewan.ca,,
Provincial_Dept_Officials,provincial,MB,,Government,Person,Wab Kinew,Premier,Wab Kinew,1,"Head of MB government, reconciliation, economic development",https://www.gov.mb.ca/premier/,,NDP
Provincial_Dept_Officials,provincial,MB,,Finance,Person,Adrien Sala,Minister of Finance,Adrien Sala,1,"MB budget, fiscal framework, tax policy",https://www.gov.mb.ca/finance/,,
Provincial_Dept_Officials,provincial,MB,,Economic Development,Person,Jamie Moses,"Minister of Economic Development, Investment and Trade",Jamie Moses,2,"MB investment attraction, trade, business support",https://www.gov.mb.ca/jec/,,
Provincial_Dept_Officials,provincial,MB,,Transportation,Person,Lisa Naylor,Minister of Transportation and Infrastructure,Lisa Naylor,2,"MB highways, infrastructure, flood protection",https://www.gov.mb.ca/mit/,,
Provincial_Dept_Officials,provincial,MB,,Agriculture,Person,Ron Kostyshyn,Minister of Agriculture,Ron Kostyshyn,2,"MB agriculture, crop insurance, food processing",https://www.gov.mb.ca/agriculture/,,
Provincial_Dept_Officials,provincial,MB,,Environment,Person,Tracy Schmidt,"Minister of Environment and Climate Change",Tracy Schmidt,2,"MB environmental regulation, climate policy, Lake Winnipeg",https://www.gov.mb.ca/sd/,,
Provincial_Dept_Officials,provincial,MB,,Labour,Person,Malaya Guida Lewandoski,Minister of Labour and Immigration,Malaya Guida Lewandoski,2,"MB labour standards, immigration, workforce",https://www.gov.mb.ca/labour/,,
Provincial_Dept_Officials,provincial,MB,,Housing,Person,Bernadette Smith,Minister of Housing/Homelessness and Addictions,Bernadette Smith,2,"MB housing affordability, social housing",https://www.gov.mb.ca/housing/,,
Provincial_Dept_Officials,provincial,MB,,Health,Person,Uzoma Asagwara,Minister of Health,Uzoma Asagwara,2,"MB healthcare, capital projects, workforce",https://www.gov.mb.ca/health/,,
Provincial_Dept_Officials,provincial,MB,,Government,Person,,Clerk of the Executive Council,,2,"Top MB bureaucrat",https://www.gov.mb.ca,,
Provincial_Dept_Officials,provincial,MB,,Crown Corp,Person,,President of Manitoba Hydro,,2,"MB electricity/gas, major dam projects",https://www.hydro.mb.ca,,
Provincial_Dept_Officials,provincial,MB,,Energy,Person,,Minister of Northern and Indigenous Relations,,2,"MB northern development, resource access",https://www.gov.mb.ca,,
Provincial_Dept_Officials,provincial,MB,,Municipal,Person,,Minister of Municipal and Northern Relations,,2,"MB municipal affairs, northern communities",https://www.gov.mb.ca,,
Provincial_Dept_Officials,provincial,MB,,Crown Corp,Person,,CEO of Manitoba Public Insurance,,3,"MB auto insurance",https://www.mpi.mb.ca,,
Provincial_Dept_Officials,provincial,MB,,Crown Corp,Person,,CEO of Manitoba Liquor & Lotteries,,3,"MB Crown gaming/liquor revenue",https://www.mbll.ca,,
Provincial_Dept_Officials,provincial,ON,,Government,Person,Doug Ford,Premier,Doug Ford,1,"Head of ON government, major infrastructure, housing push",https://news.ontario.ca/en/office/premier,,PC government
Provincial_Dept_Officials,provincial,ON,,Finance,Person,Peter Bethlenfalvy,Minister of Finance,Peter Bethlenfalvy,1,"ON budget, largest provincial fiscal impact, tax policy",https://news.ontario.ca/en/ministry/finance,,
Provincial_Dept_Officials,provincial,ON,,Energy,Person,Todd Smith,Minister of Energy,Todd Smith,2,"ON nuclear refurbishment, grid expansion, SMRs",https://news.ontario.ca/en/ministry/energy,,
Provincial_Dept_Officials,provincial,ON,,Transportation,Person,Caroline Mulroney,Minister of Transportation,Caroline Mulroney,2,"ON highway 413, transit, GO expansion",https://news.ontario.ca/en/ministry/transportation,,
Provincial_Dept_Officials,provincial,ON,,Housing,Person,Steve Clark,"Minister of Municipal Affairs and Housing",Steve Clark,2,"ON housing targets, zoning reform, development charges",https://news.ontario.ca/en/ministry/municipal-affairs-and-housing,,
Provincial_Dept_Officials,provincial,ON,,Economic Development,Person,Vic Fedeli,"Minister of Economic Development, Job Creation and Trade",Vic Fedeli,2,"ON investment attraction, trade offices, EV supply chain",https://news.ontario.ca/en/ministry/economic-development-job-creation-and-trade,,
Provincial_Dept_Officials,provincial,ON,,Environment,Person,David Piccini,Minister of the Environment Conservation and Parks,David Piccini,2,"ON environmental assessments, conservation, climate",https://news.ontario.ca/en/ministry/environment-conservation-and-parks,,
Provincial_Dept_Officials,provincial,ON,,Agriculture,Person,Lisa Thompson,Minister of Agriculture Food and Rural Affairs,Lisa Thompson,2,"ON agriculture, food processing, rural economic development",https://news.ontario.ca/en/ministry/agriculture-food-and-rural-affairs,,
Provincial_Dept_Officials,provincial,ON,,Labour,Person,David Piccini,Minister of Labour/Immigration/Training/Skills Dev,David Piccini,2,"ON labour standards, apprenticeships, WSIB",https://news.ontario.ca/en/ministry/labour-immigration-training-and-skills-development,,
Provincial_Dept_Officials,provincial,ON,,Mining,Person,George Pirie,Minister of Mines,George Pirie,2,"ON Ring of Fire, mining regulation, critical minerals",https://news.ontario.ca/en/ministry/mines,,
Provincial_Dept_Officials,provincial,ON,,Health,Person,Sylvia Jones,Minister of Health,Sylvia Jones,2,"ON healthcare, hospital capital, health workforce",https://news.ontario.ca/en/ministry/health,,
Provincial_Dept_Officials,provincial,ON,,Government,Person,,Secretary of the Cabinet / Head of the ON Public Service,,2,"Top ON bureaucrat, coordinates deputies",https://www.ontario.ca,,
Provincial_Dept_Officials,provincial,ON,,Crown Corp,Person,,CEO of Ontario Power Generation (OPG),,2,"ON nuclear/hydro generation, Darlington refurbishment, SMRs",https://www.opg.com,,
Provincial_Dept_Officials,provincial,ON,,Crown Corp,Person,,CEO of Metrolinx,,2,"ON Greater Toronto transit, GO expansion, Ontario Line",https://www.metrolinx.com,,
Provincial_Dept_Officials,provincial,ON,,Utilities Regulation,Person,,CEO of Ontario Energy Board (OEB),,2,"ON electricity/gas rate regulation, market oversight",https://www.oeb.ca,,
Provincial_Dept_Officials,provincial,QC,,Government,Person,Francois Legault,Premier,Francois Legault,1,"Head of QC government, Quebec economic nationalism, language",https://www.quebec.ca/gouvernement/premier-ministre,,CAQ government
Provincial_Dept_Officials,provincial,QC,,Finance,Person,Eric Girard,Minister of Finance,Eric Girard,1,"QC budget, Caisse de depot direction, tax policy",https://www.finances.gouv.qc.ca,,
Provincial_Dept_Officials,provincial,QC,,Economy,Person,Pierre Fitzgibbon,"Minister of Economy, Innovation and Energy",Pierre Fitzgibbon,2,"QC battery/EV supply chain, energy strategy, Quebec Inc",https://www.economie.gouv.qc.ca,,
Provincial_Dept_Officials,provincial,QC,,Transport,Person,Francois Bonnardel,Minister of Transport and Sustainable Mobility,Francois Bonnardel,2,"QC highways, REM, public transit",https://www.transports.gouv.qc.ca,,
Provincial_Dept_Officials,provincial,QC,,Environment,Person,Benoit Charette,"Minister of Environment, Fight Against Climate Change, Wildlife and Parks",Benoit Charette,2,"QC environmental regulation, climate plan, BAPE",https://www.environnement.gouv.qc.ca,,
Provincial_Dept_Officials,provincial,QC,,Natural Resources,Person,Maite Blanchette Vezina,"Minister of Natural Resources and Forests",Maite Blanchette Vezina,2,"QC forestry, mining, critical minerals",https://mern.gouv.qc.ca,,
Provincial_Dept_Officials,provincial,QC,,Agriculture,Person,Andre Lamontagne,"Minister of Agriculture, Fisheries and Food",Andre Lamontagne,2,"QC agriculture, food sovereignty, supply management",https://www.mapaq.gouv.qc.ca,,
Provincial_Dept_Officials,provincial,QC,,Labour,Person,Jean Boulet,"Minister of Labour",Jean Boulet,2,"QC labour standards, CNESST, workforce training",https://www.travail.gouv.qc.ca,,
Provincial_Dept_Officials,provincial,QC,,Housing,Person,France-Elaine Duranceau,Minister of Housing,France-Elaine Duranceau,2,"QC housing supply, rent regulation, SHQ",https://www.quebec.ca/gouvernement,,
Provincial_Dept_Officials,provincial,QC,,Government,Person,,Secretary General of the Executive Council,,2,"Top QC bureaucrat, coordinates government",https://www.quebec.ca,,
Provincial_Dept_Officials,provincial,QC,,Crown Corp,Person,,President of Hydro-Quebec,,1,"QC electricity, major dams, export contracts, green hydrogen",https://www.hydroquebec.com,,Largest Crown corp
Provincial_Dept_Officials,provincial,QC,,Crown Corp,Person,,CEO of Caisse de depot et placement du Quebec (CDPQ),,2,"QC pension fund, major infrastructure investor, REM",https://www.cdpq.com,,
Provincial_Dept_Officials,provincial,QC,,Crown Corp,Person,,President of Investissement Quebec,,2,"QC foreign investment attraction, business financing",https://www.investquebec.com,,
Provincial_Dept_Officials,provincial,QC,,Immigration,Person,Christine Frechette,"Minister of Immigration, Francisation and Integration",Christine Frechette,2,"QC immigration levels, francization, labour market",https://www.quebec.ca/gouvernement,,
Provincial_Dept_Officials,provincial,QC,,Municipal,Person,Andree Laforest,Minister of Municipal Affairs and Housing,Andree Laforest,2,"QC municipal relations, regional development",https://www.quebec.ca/gouvernement,,May overlap with Housing
Provincial_Dept_Officials,provincial,NB,,Government,Person,Susan Holt,Premier,Susan Holt,1,"Head of NB government, energy exports, bilingual services",https://www2.gnb.ca/content/gnb/en/premier.html,,Liberal government (2024)
Provincial_Dept_Officials,provincial,NB,,Finance,Person,,Minister of Finance and Treasury Board,,1,"NB budget, fiscal management",https://www2.gnb.ca/content/gnb/en/departments/finance.html,,New cabinet under Holt
Provincial_Dept_Officials,provincial,NB,,Economic Development,Person,,Minister of Economic Development,,2,"NB investment attraction, trade, forestry/energy",https://www2.gnb.ca/content/gnb/en/departments/economic_development.html,,New cabinet under Holt
Provincial_Dept_Officials,provincial,NB,,Energy,Person,,Minister of Natural Resources and Energy Development,,2,"NB energy policy, Point Lepreau, forestry",https://www2.gnb.ca/content/gnb/en/departments/erd.html,,New cabinet under Holt
Provincial_Dept_Officials,provincial,NB,,Transportation,Person,,Minister of Transportation and Infrastructure,,2,"NB highways, infrastructure",https://www2.gnb.ca/content/gnb/en/departments/dti.html,,New cabinet under Holt
Provincial_Dept_Officials,provincial,NB,,Environment,Person,,Minister of Environment and Local Government,,2,"NB environmental regulation, municipal affairs",https://www2.gnb.ca/content/gnb/en/departments/elg.html,,New cabinet under Holt
Provincial_Dept_Officials,provincial,NB,,Agriculture,Person,,Minister of Agriculture Aquaculture and Fisheries,,2,"NB agriculture, aquaculture, fisheries",https://www2.gnb.ca/content/gnb/en/departments/10.html,,New cabinet under Holt
Provincial_Dept_Officials,provincial,NB,,Labour,Person,,Minister of Post-Secondary Education Training and Labour,,2,"NB labour, skills training, post-secondary",https://www2.gnb.ca/content/gnb/en/departments/post-secondary_education_training_and_labour.html,,New cabinet under Holt
Provincial_Dept_Officials,provincial,NB,,Health,Person,,Minister of Health,,2,"NB healthcare system, Horizon/Vitalite",https://www2.gnb.ca/content/gnb/en/departments/health.html,,New cabinet under Holt
Provincial_Dept_Officials,provincial,NB,,Government,Person,,Clerk of the Executive Council,,2,"Top NB bureaucrat",https://www2.gnb.ca,,
Provincial_Dept_Officials,provincial,NB,,Crown Corp,Person,,President of NB Power,,2,"NB electricity, Point Lepreau nuclear, SMR project",https://www.nbpower.com,,
Provincial_Dept_Officials,provincial,NB,,Crown Corp,Person,,CEO of Opportunities NB,,2,"NB investment attraction agency",https://www.onbcanada.ca,,
Provincial_Dept_Officials,provincial,NB,,Housing,Person,,Minister of Social Development,,2,"NB housing, social services",https://www2.gnb.ca/content/gnb/en/departments/social_development.html,,New cabinet under Holt
Provincial_Dept_Officials,provincial,NB,,Municipal,Person,,Minister of Local Government,,2,"NB municipal governance reform",https://www2.gnb.ca,,New cabinet under Holt
Provincial_Dept_Officials,provincial,NB,,Indigenous,Person,,Minister of Aboriginal Affairs,,2,"NB First Nations relations",https://www2.gnb.ca,,New cabinet under Holt
Provincial_Dept_Officials,provincial,NS,,Government,Person,Tim Houston,Premier,Tim Houston,1,"Head of NS government, immigration, ocean tech hub",https://novascotia.ca/premier/,,PC government
Provincial_Dept_Officials,provincial,NS,,Finance,Person,Allan MacMaster,Minister of Finance and Treasury Board,Allan MacMaster,1,"NS budget, fiscal management",https://novascotia.ca/finance/,,
Provincial_Dept_Officials,provincial,NS,,Economic Development,Person,,Minister of Economic Development,,2,"NS trade, investment, innovation",https://novascotia.ca/business/,,
Provincial_Dept_Officials,provincial,NS,,Energy,Person,,Minister of Natural Resources and Renewables,,2,"NS offshore, tidal energy, forestry",https://novascotia.ca/natr/,,
Provincial_Dept_Officials,provincial,NS,,Transportation,Person,,Minister of Public Works,,2,"NS highways, public infrastructure",https://novascotia.ca/tran/,,
Provincial_Dept_Officials,provincial,NS,,Environment,Person,,Minister of Environment and Climate Change,,2,"NS environmental regulation, climate targets",https://novascotia.ca/nse/,,
Provincial_Dept_Officials,provincial,NS,,Agriculture,Person,,Minister of Agriculture,,2,"NS agriculture, fisheries, wine industry",https://novascotia.ca/agri/,,
Provincial_Dept_Officials,provincial,NS,,Labour,Person,,Minister of Labour Skills and Immigration,,2,"NS labour, immigration, workforce development",https://novascotia.ca/lae/,,
Provincial_Dept_Officials,provincial,NS,,Health,Person,,Minister of Health and Wellness,,2,"NS healthcare, QEII redevelopment",https://novascotia.ca/dhw/,,
Provincial_Dept_Officials,provincial,NS,,Housing,Person,,Minister of Municipal Affairs and Housing,,2,"NS housing, municipal affairs",https://novascotia.ca/dma/,,
Provincial_Dept_Officials,provincial,NS,,Government,Person,,Deputy Minister to the Premier / Secretary to Cabinet,,2,"Top NS bureaucrat",https://novascotia.ca,,
Provincial_Dept_Officials,provincial,NS,,Crown Corp,Person,,President of Nova Scotia Power (Emera subsidiary),,2,"NS electricity generation/distribution",https://www.nspower.ca,,Subsidiary of Emera (TSX:EMA)
Provincial_Dept_Officials,provincial,NS,,Crown Corp,Person,,CEO of Develop Nova Scotia,,2,"NS waterfront/land development Crown agency",https://developns.ca,,
Provincial_Dept_Officials,provincial,NS,,Crown Corp,Person,,CEO of Nova Scotia Business Inc (NSBI),,2,"NS investment attraction, trade",https://www.novascotiabusiness.com,,
Provincial_Dept_Officials,provincial,NS,,Fisheries,Person,,Minister of Fisheries and Aquaculture,,2,"NS fisheries, lobster, aquaculture",https://novascotia.ca/fish/,,
Provincial_Dept_Officials,provincial,PE,,Government,Person,Dennis King,Premier,Dennis King,1,"Head of PEI government, bioscience, agri-food, tourism",https://www.princeedwardisland.ca/en/premier,,PC; verify if still in office
Provincial_Dept_Officials,provincial,PE,,Finance,Person,,Minister of Finance,,1,"PEI budget, fiscal management",https://www.princeedwardisland.ca/en/topic/finance,,
Provincial_Dept_Officials,provincial,PE,,Economic Development,Person,,"Minister of Economic Growth, Tourism and Culture",,2,"PEI tourism, immigration, bioscience, tech",https://www.princeedwardisland.ca/en/topic/economic-growth-tourism-and-culture,,
Provincial_Dept_Officials,provincial,PE,,Transportation,Person,,Minister of Transportation and Infrastructure,,2,"PEI highways, Confederation Bridge maintenance",https://www.princeedwardisland.ca/en/topic/transportation-and-infrastructure,,
Provincial_Dept_Officials,provincial,PE,,Agriculture,Person,,Minister of Agriculture and Land,,2,"PEI potato industry, land use, food processing",https://www.princeedwardisland.ca/en/topic/agriculture-and-land,,
Provincial_Dept_Officials,provincial,PE,,Environment,Person,,Minister of Environment Energy and Climate Action,,2,"PEI environment, renewable energy, water table",https://www.princeedwardisland.ca/en/topic/environment-energy-and-climate-action,,
Provincial_Dept_Officials,provincial,PE,,Fisheries,Person,,Minister of Fisheries Tourism Sport and Culture,,2,"PEI fisheries, lobster, tourism",https://www.princeedwardisland.ca,,
Provincial_Dept_Officials,provincial,PE,,Health,Person,,Minister of Health and Wellness,,2,"PEI healthcare, physician recruitment",https://www.princeedwardisland.ca/en/topic/health-and-wellness,,
Provincial_Dept_Officials,provincial,PE,,Housing,Person,,Minister of Social Development and Housing,,2,"PEI housing, social services",https://www.princeedwardisland.ca,,
Provincial_Dept_Officials,provincial,PE,,Government,Person,,Clerk of the Executive Council,,2,"Top PEI bureaucrat",https://www.princeedwardisland.ca,,
Provincial_Dept_Officials,provincial,PE,,Crown Corp,Person,,CEO of Innovation PEI,,2,"PEI business support, investment attraction",https://www.innovationpei.com,,
Provincial_Dept_Officials,provincial,PE,,Labour,Person,,Minister of Workforce Advanced Learning and Population,,2,"PEI labour, immigration, population growth",https://www.princeedwardisland.ca,,
Provincial_Dept_Officials,provincial,NL,,Government,Person,Andrew Furey,Premier,Andrew Furey,1,"Head of NL government, offshore energy, Churchill Falls",https://www.gov.nl.ca/premier/,,Liberal government
Provincial_Dept_Officials,provincial,NL,,Finance,Person,,Minister of Finance,,1,"NL budget, debt management, Muskrat Falls impact",https://www.gov.nl.ca/fin/,,
Provincial_Dept_Officials,provincial,NL,,Energy,Person,,"Minister of Industry, Energy and Technology",,2,"NL offshore oil/gas, hydrogen, tech sector",https://www.gov.nl.ca/iet/,,
Provincial_Dept_Officials,provincial,NL,,Transportation,Person,,Minister of Transportation and Infrastructure,,2,"NL highways, ferries, Trans-Labrador",https://www.gov.nl.ca/ti/,,
Provincial_Dept_Officials,provincial,NL,,Environment,Person,,Minister of Environment and Climate Change,,2,"NL environmental regulation, climate adaptation",https://www.gov.nl.ca/ecc/,,
Provincial_Dept_Officials,provincial,NL,,Fisheries,Person,,Minister of Fisheries Forestry and Agriculture,,2,"NL cod/crab/shrimp, forestry, agriculture",https://www.gov.nl.ca/ffa/,,
Provincial_Dept_Officials,provincial,NL,,Labour,Person,,Minister of Immigration Population Growth and Skills,,2,"NL immigration, labour market, skills training",https://www.gov.nl.ca,,
Provincial_Dept_Officials,provincial,NL,,Health,Person,,Minister of Health and Community Services,,2,"NL healthcare, rural hospitals, recruitment",https://www.gov.nl.ca/hcs/,,
Provincial_Dept_Officials,provincial,NL,,Housing,Person,,Minister of Children Seniors and Social Development,,2,"NL housing, social development",https://www.gov.nl.ca/cssd/,,
Provincial_Dept_Officials,provincial,NL,,Government,Person,,Clerk of the Executive Council,,2,"Top NL bureaucrat",https://www.gov.nl.ca,,
Provincial_Dept_Officials,provincial,NL,,Crown Corp,Person,,CEO of Newfoundland and Labrador Hydro (Nalcor successor),,2,"NL electricity, Muskrat Falls, Churchill Falls",https://nlhydro.com,,
Provincial_Dept_Officials,provincial,NL,,Crown Corp,Person,,CEO of Newfoundland and Labrador Housing Corporation,,3,"NL social housing",https://www.nlhc.nl.ca,,
Provincial_Dept_Officials,provincial,NL,,Offshore Regulation,Person,,CEO of C-NLOPB,,2,"NL offshore petroleum regulation, exploration licences",https://www.cnlopb.ca,,
Provincial_Dept_Officials,provincial,NL,,Municipal,Person,,Minister of Municipal and Provincial Affairs,,2,"NL municipal governance, regional services",https://www.gov.nl.ca/mpa/,,
Provincial_Dept_Officials,provincial,NL,,Natural Resources,Person,,Minister of Tourism Culture Arts and Recreation,,3,"NL tourism, cultural industries",https://www.gov.nl.ca/tcar/,,
Provincial_Dept_Officials,provincial,YT,,Government,Person,Ranj Pillai,Premier,Ranj Pillai,1,"Head of YT government, mining, tourism, northern strategy",https://yukon.ca/en/premier,,Liberal government
Provincial_Dept_Officials,provincial,YT,,Finance,Person,,Minister of Finance,,1,"YT budget, federal transfers, fiscal management",https://yukon.ca/en/department-finance,,
Provincial_Dept_Officials,provincial,YT,,Economic Development,Person,,Minister of Economic Development,,2,"YT mining investment, tourism, diversification",https://yukon.ca/en/economic-development,,
Provincial_Dept_Officials,provincial,YT,,Energy,Person,,Minister of Energy Mines and Resources,,2,"YT mining, energy, land management",https://yukon.ca/en/energy-mines-and-resources,,
Provincial_Dept_Officials,provincial,YT,,Highways,Person,,Minister of Highways and Public Works,,2,"YT Alaska Highway, infrastructure, public buildings",https://yukon.ca/en/highways-and-public-works,,
Provincial_Dept_Officials,provincial,YT,,Environment,Person,,Minister of Environment,,2,"YT wildlife, environmental assessment, climate change",https://yukon.ca/en/environment,,
Provincial_Dept_Officials,provincial,YT,,Health,Person,,Minister of Health and Social Services,,2,"YT healthcare, community services",https://yukon.ca/en/health-and-social-services,,
Provincial_Dept_Officials,provincial,YT,,Government,Person,,Deputy Minister to the Premier / Cabinet Secretary,,2,"Top YT bureaucrat",https://yukon.ca,,
Provincial_Dept_Officials,provincial,YT,,Crown Corp,Person,,President of Yukon Energy,,2,"YT electricity generation/distribution",https://yukonenergy.ca,,
Provincial_Dept_Officials,provincial,YT,,Crown Corp,Person,,President of Yukon Development Corporation,,2,"YT economic development Crown corp",https://yukonenergy.ca,,Parent of Yukon Energy
Provincial_Dept_Officials,provincial,NT,,Government,Person,R.J. Simpson,Premier,R.J. Simpson,1,"Head of NWT government, resource development, devolution",https://www.gov.nt.ca/en/premier,,Consensus government
Provincial_Dept_Officials,provincial,NT,,Finance,Person,,Minister of Finance,,1,"NWT budget, federal transfers, fiscal management",https://www.gov.nt.ca,,
Provincial_Dept_Officials,provincial,NT,,Industry/Tourism,Person,,"Minister of Industry, Tourism and Investment",,2,"NWT mining, tourism, economic diversification",https://www.gov.nt.ca,,
Provincial_Dept_Officials,provincial,NT,,Energy,Person,,Minister of Infrastructure,,2,"NWT infrastructure, energy, Taltson expansion",https://www.gov.nt.ca,,
Provincial_Dept_Officials,provincial,NT,,Environment,Person,,Minister of Environment and Climate Change,,2,"NWT environmental regulation, wildlife, climate adaptation",https://www.gov.nt.ca,,
Provincial_Dept_Officials,provincial,NT,,Health,Person,,Minister of Health and Social Services,,2,"NWT healthcare, community wellness",https://www.gov.nt.ca,,
Provincial_Dept_Officials,provincial,NT,,Lands,Person,,Minister of Lands,,2,"NWT land administration, resource access",https://www.gov.nt.ca,,
Provincial_Dept_Officials,provincial,NT,,Government,Person,,Secretary to Cabinet / Deputy Minister of Executive and Indigenous Affairs,,2,"Top NWT bureaucrat",https://www.gov.nt.ca,,
Provincial_Dept_Officials,provincial,NT,,Crown Corp,Person,,President of NWT Power Corporation (NTPC),,2,"NWT electricity generation/distribution",https://www.ntpc.com,,
Provincial_Dept_Officials,provincial,NT,,Municipal,Person,,Minister of Municipal and Community Affairs,,2,"NWT municipal governance, community infrastructure",https://www.gov.nt.ca,,
Provincial_Dept_Officials,provincial,NU,,Government,Person,P.J. Akeeagok,Premier,P.J. Akeeagok,1,"Head of NU government, mining, infrastructure, Inuit self-governance",https://www.gov.nu.ca,,Consensus government
Provincial_Dept_Officials,provincial,NU,,Finance,Person,,Minister of Finance,,1,"NU budget, federal transfers",https://www.gov.nu.ca/finance,,
Provincial_Dept_Officials,provincial,NU,,Economic Development,Person,,Minister of Economic Development and Transportation,,2,"NU mining, fisheries, transportation infrastructure",https://www.gov.nu.ca/economic-development-and-transportation,,
Provincial_Dept_Officials,provincial,NU,,Environment,Person,,Minister of Environment,,2,"NU wildlife management, environmental protection, climate",https://www.gov.nu.ca/environment,,
Provincial_Dept_Officials,provincial,NU,,Community,Person,,Minister of Community and Government Services,,2,"NU municipal services, infrastructure, procurement",https://www.gov.nu.ca/community-and-government-services,,
Provincial_Dept_Officials,provincial,NU,,Health,Person,,Minister of Health,,2,"NU healthcare, medevac, community health",https://www.gov.nu.ca/health,,
Provincial_Dept_Officials,provincial,NU,,Energy,Person,,Minister of Energy,,2,"NU energy infrastructure, diesel reduction, renewables",https://www.gov.nu.ca,,
Provincial_Dept_Officials,provincial,NU,,Government,Person,,Deputy Minister to the Premier / Secretary to Cabinet,,2,"Top NU bureaucrat",https://www.gov.nu.ca,,
Provincial_Dept_Officials,provincial,NU,,Crown Corp,Person,,President of Qulliq Energy Corporation (QEC),,2,"NU electricity generation/distribution",https://www.qec.nu.ca,,
Provincial_Dept_Officials,provincial,NU,,Crown Corp,Person,,CEO of NCC Development Limited,,3,"NU Inuit development corporation",https://www.nccgroup.ca,,
Provincial_Companies,provincial,BC,,Mining,Company,Teck Resources,TSX:TECK.B,,2,"Major diversified miner, copper/zinc, BC operations",https://www.teck.com,,HQ Vancouver
Provincial_Companies,provincial,BC,,Telecommunications,Company,TELUS,TSX:T,,2,"Major telco, fibre/wireless, health tech",https://www.telus.com,,HQ Vancouver
Provincial_Companies,provincial,BC,,Mining,Company,Wheaton Precious Metals,TSX:WPM,,2,"Precious metals streaming, global portfolio",https://www.wheatonpm.com,,HQ Vancouver
Provincial_Companies,provincial,BC,,Forestry,Company,West Fraser Timber,TSX:WFG,,2,"Major lumber producer, pulp, panels",https://www.westfraser.com,,HQ Vancouver
Provincial_Companies,provincial,BC,,Forestry,Company,Canfor,TSX:CFP,,2,"Lumber producer, BC/Alberta/US operations",https://www.canfor.com,,HQ Vancouver
Provincial_Companies,provincial,AB,,Energy,Company,Enbridge,TSX:ENB,,1,"Largest pipeline operator in North America, energy infrastructure",https://www.enbridge.com,,HQ Calgary
Provincial_Companies,provincial,AB,,Energy,Company,Canadian Natural Resources,TSX:CNQ,,1,"Largest Canadian oil/gas producer, oil sands",https://www.cnrl.com,,HQ Calgary
Provincial_Companies,provincial,AB,,Transportation,Company,Canadian Pacific Kansas City (CPKC),TSX:CP,,1,"Transcontinental railway, USMCA trade corridor",https://www.cpkcr.com,,HQ Calgary
Provincial_Companies,provincial,AB,,Energy,Company,Suncor Energy,TSX:SU,,1,"Integrated oil sands, refining, Petro-Canada retail",https://www.suncor.com,,HQ Calgary
Provincial_Companies,provincial,AB,,Energy,Company,Cenovus Energy,TSX:CVE,,1,"Oil sands, conventional oil/gas, refining",https://www.cenovus.com,,HQ Calgary
Provincial_Companies,provincial,SK,,Agriculture/Mining,Company,Nutrien,TSX:NTR,,1,"World's largest potash/nitrogen/phosphate producer",https://www.nutrien.com,,HQ Saskatoon
Provincial_Companies,provincial,SK,,Mining,Company,Cameco,TSX:CCO,,1,"Major uranium producer, nuclear fuel",https://www.cameco.com,,HQ Saskatoon
Provincial_Companies,provincial,SK,,Technology,Company,Information Services Corporation (ISC),TSX:ISV,,2,"Registry and information services, land titles",https://www.isc.ca,,HQ Regina
Provincial_Companies,provincial,SK,,Agriculture,Company,Viterra,Private,,2,"Global grain handling, ag services",https://www.viterra.com,,HQ Regina; acquisition by Bunge pending
Provincial_Companies,provincial,SK,,Mining,Company,K+S Potash Canada,Private,,2,"Bethune potash mine, German parent K+S AG",https://www.ks-potashcanada.com,,Subsidiary
Provincial_Companies,provincial,MB,,Financial Services,Company,Great-West Lifeco,TSX:GWO,,2,"Insurance, wealth management, Power Corp subsidiary",https://www.greatwestlifeco.com,,HQ Winnipeg
Provincial_Companies,provincial,MB,,Financial Services,Company,IGM Financial,TSX:IGM,,2,"Wealth/asset management, IG Wealth, Mackenzie",https://www.igmfinancial.com,,HQ Winnipeg
Provincial_Companies,provincial,MB,,Automotive Services,Company,Boyd Group Services,TSX:BYD,,2,"Collision repair, North American network",https://www.boydgroup.com,,HQ Winnipeg
Provincial_Companies,provincial,MB,,Aerospace/Industrial,Company,Exchange Income Corporation,TSX:EIF,,2,"Aerospace, aviation, manufacturing",https://www.exchangeincomecorp.ca,,HQ Winnipeg
Provincial_Companies,provincial,MB,,Manufacturing,Company,NFI Group,TSX:NFI,,2,"Bus/coach manufacturer, New Flyer, MCI, ADL",https://www.nfigroup.com,,HQ Winnipeg
Provincial_Companies,provincial,ON,,Technology,Company,Shopify,TSX:SHOP,,1,"E-commerce platform, Canada's largest tech company",https://www.shopify.com,,HQ Ottawa
Provincial_Companies,provincial,ON,,Financial Services,Company,Royal Bank of Canada (RBC),TSX:RY,,1,"Largest Canadian bank, wealth management, capital markets",https://www.rbc.com,,HQ Toronto
Provincial_Companies,provincial,ON,,Financial Services,Company,Toronto-Dominion Bank (TD),TSX:TD,,1,"Major bank, large US retail presence",https://www.td.com,,HQ Toronto
Provincial_Companies,provincial,ON,,Financial Services,Company,Manulife Financial,TSX:MFC,,1,"Life insurance, wealth management, Asia growth",https://www.manulife.com,,HQ Toronto
Provincial_Companies,provincial,ON,,Financial Services/Infrastructure,Company,Brookfield Corporation,TSX:BN,,1,"Global alternative asset manager, infrastructure, renewables, real estate",https://www.brookfield.com,,HQ Toronto
Provincial_Companies,provincial,QC,,Aerospace/Defence,Company,CAE,TSX:CAE,,2,"Flight simulation, pilot training, defence",https://www.cae.com,,HQ Montreal
Provincial_Companies,provincial,QC,,Aerospace,Company,Bombardier,TSX:BBD.B,,2,"Business jets, Challenger/Global series",https://www.bombardier.com,,HQ Montreal
Provincial_Companies,provincial,QC,,Engineering,Company,AtkinsRealis (formerly SNC-Lavalin),TSX:ATRL,,2,"Global engineering, nuclear, infrastructure",https://www.atkinsrealis.com,,HQ Montreal
Provincial_Companies,provincial,QC,,Retail,Company,Alimentation Couche-Tard,TSX:ATD,,1,"Global convenience store/fuel retailer, Circle K",https://corpo.couche-tard.com,,HQ Laval QC
Provincial_Companies,provincial,QC,,Energy,Company,Hydro-Quebec,Crown,,1,"Largest electricity utility in Canada, major dam operator, exports",https://www.hydroquebec.com,,Crown corporation
Provincial_Companies,provincial,NB,,Energy,Company,Irving Oil,Private,,2,"Major refiner, Atlantic Canada fuel supply, LNG terminal",https://www.irvingoil.com,,HQ Saint John
Provincial_Companies,provincial,NB,,Diversified,Company,J.D. Irving Limited,Private,,2,"Forestry, shipbuilding, transportation, media",https://www.jdirving.com,,HQ Saint John
Provincial_Companies,provincial,NB,,Aquaculture,Company,Cooke Aquaculture,Private,,2,"Largest independent salmon farmer, global operations",https://www.cookeaquaculture.com,,HQ Blacks Harbour NB
Provincial_Companies,provincial,NB,,Food Processing,Company,McCain Foods,Private,,2,"World's largest frozen potato processor",https://www.mccain.com,,HQ Florenceville-Bristol NB
Provincial_Companies,provincial,NB,,Gaming Technology,Company,Spielo International (IGT subsidiary),Private,,3,"Gaming machines, lottery systems",https://www.igt.com,,Moncton NB operations
Provincial_Companies,provincial,NS,,Utilities,Company,Emera,TSX:EMA,,2,"Electric/gas utility, Nova Scotia Power parent, Tampa Electric",https://www.emera.com,,HQ Halifax
Provincial_Companies,provincial,NS,,Fisheries,Company,Clearwater Seafoods,Private,,2,"Premium shellfish, Arctic surf clam, scallops",https://www.clearwater.ca,,HQ Bedford NS; acquired by Premium Brands/Mi'kmaq
Provincial_Companies,provincial,NS,,Shipbuilding,Company,Halifax Shipyard (Irving Shipbuilding),Private,,2,"Naval shipbuilding, Canadian Surface Combatant program",https://www.irvingshipbuilding.com,,Part of J.D. Irving
Provincial_Companies,provincial,NS,,Economic Development,Company,Develop Nova Scotia,Crown,,2,"Waterfront development, innovation districts",https://developns.ca,,Crown agency
Provincial_Companies,provincial,NS,,Utilities,Company,Nova Scotia Power (Emera subsidiary),Subsidiary,,2,"NS electricity generation/distribution",https://www.nspower.ca,,Subsidiary of Emera (TSX:EMA)
Provincial_Companies,provincial,NL,,Utilities,Company,Fortis Inc,TSX:FTS,,1,"International electric/gas utility, ITC Holdings, Caribbean",https://www.fortisinc.com,,HQ St. John's
Provincial_Companies,provincial,NL,,Energy,Company,Hibernia Management and Development Company,Joint Venture,,2,"Offshore oil production, Grand Banks",https://www.hibernia.ca,,JV: ExxonMobil/Chevron/Suncor/Murphy/Nalcor
Provincial_Companies,provincial,NL,,Mining,Company,Vale Newfoundland and Labrador,Subsidiary,,2,"Voisey's Bay nickel/cobalt mine and Long Harbour processing",https://www.vale.com,,Subsidiary of Vale S.A.
Provincial_Companies,provincial,NL,,Energy,Company,Cenovus Energy NL (formerly Husky),Subsidiary,,2,"White Rose offshore oil, West White Rose expansion",https://www.cenovus.com,,Subsidiary of Cenovus (TSX:CVE)
Provincial_Companies,provincial,NL,,Utilities,Company,Newfoundland and Labrador Hydro (Nalcor successor),Crown,,2,"NL electricity, Muskrat Falls, Churchill Falls",https://nlhydro.com,,Crown corporation
Provincial_Companies,provincial,PE,,Agriculture/Food,Company,ADL (Atlantic Dairy Cooperative),Private,,2,"Dairy processing, Island Farms",,,PEI cooperative
Provincial_Companies,provincial,PE,,Food Processing,Company,Cavendish Farms (Irving subsidiary),Private,,2,"Frozen potato processing, major PEI employer",https://www.cavendishfarms.com,,Part of J.D. Irving
Provincial_Companies,provincial,PE,,Biotech,Company,BioVectra,Private,,2,"Pharmaceutical manufacturing, biotech CDMO",https://www.biovectra.com,,HQ Charlottetown
Provincial_Companies,provincial,PE,,Food Processing,Company,Island Abbey Foods,Private,,3,"Honey and bee products, organic",https://www.islandabbeyfoods.com,,HQ Charlottetown area
Provincial_Companies,provincial,PE,,Beverage,Company,PEI Brewing Company,Private,,3,"Craft brewery, Gahan brand",https://www.peibrewingcompany.com,,HQ Charlottetown
Provincial_Companies,provincial,YT,,Mining,Company,Victoria Gold,TSX:VGCX,,2,"Eagle Gold Mine, Yukon's largest gold mine",https://www.vgcx.com,,HQ Toronto; YK operations
Provincial_Companies,provincial,YT,,Mining,Company,Alexco Resource (acquired by Hecla),Acquired,,3,"Keno Hill silver mine, acquired by Hecla Mining",https://www.heclamining.com,,Acquired 2022
Provincial_Companies,provincial,YT,,Mining,Company,Casino Mining Corporation (Western Copper and Gold),Private,,2,"Casino copper-gold project, development stage",https://www.westerncopperandgold.com,,Major proposed project
Provincial_Companies,provincial,YT,,Mining,Company,Minto Explorations (Pembridge Resources),Private,,3,"Minto copper-gold mine",https://www.pembridgeresources.com,,Currently in care and maintenance
Provincial_Companies,provincial,YT,,Utilities,Company,Yukon Energy Corporation,Crown,,2,"YT electricity generation/distribution",https://yukonenergy.ca,,Crown corporation
Provincial_Companies,provincial,NT,,Mining,Company,De Beers Canada,Private,,2,"Gahcho Kue diamond mine, NWT operations",https://canada.debeersgroup.com,,Subsidiary of De Beers (Anglo American)
Provincial_Companies,provincial,NT,,Mining,Company,Fortune Minerals,TSX:FT,,3,"NICO cobalt-gold-bismuth-copper project",https://www.fortuneminerals.com,,Development stage
Provincial_Companies,provincial,NT,,Mining,Company,Mountain Province Diamonds,TSX:MPVD,,2,"Gahcho Kue mine (49% JV with De Beers)",https://www.mountainprovince.com,,HQ Toronto; NWT operations
Provincial_Companies,provincial,NT,,Utilities,Company,Northwest Territories Power Corporation (NTPC),Crown,,2,"NWT electricity generation/distribution",https://www.ntpc.com,,Territorial Crown corp
Provincial_Companies,provincial,NT,,Mining,Company,Diavik Diamond Mine (Rio Tinto subsidiary),Subsidiary,,2,"Major diamond mine, approaching closure",https://www.riotinto.com,,Subsidiary of Rio Tinto
Provincial_Companies,provincial,NU,,Mining,Company,"Agnico Eagle Mines (Nunavut operations)",TSX:AEM,,1,"Meliadine, Meadowbank gold mines, major NU employer",https://www.agnicoeagle.com,,HQ Toronto; major NU presence
Provincial_Companies,provincial,NU,,Mining,Company,Baffinland Iron Mines,Private,,2,"Mary River iron ore mine, Baffin Island",https://www.baffinland.com,,ArcelorMittal/Nunavut Iron Ore JV
Provincial_Companies,provincial,NU,,Mining,Company,TMAC Resources (acquired by Agnico Eagle),Acquired,,3,"Hope Bay gold mine, acquired by Agnico Eagle",https://www.agnicoeagle.com,,Acquired 2021
Provincial_Companies,provincial,NU,,Utilities,Company,Qulliq Energy Corporation (QEC),Crown,,2,"NU electricity generation/distribution, diesel reduction",https://www.qec.nu.ca,,Territorial Crown corp
Provincial_Companies,provincial,NU,,Economic Development,Company,NCC Development Limited,Private,,3,"Inuit-owned development corporation",https://www.nccgroup.ca,,Inuit development corp
Industry_Companies,national,Canada,,Energy,Company,Canadian Natural Resources (CNRL),TSX:CNQ,,1,"Canada's largest oil/gas producer by volume",https://www.cnrl.com,,
Industry_Companies,national,Canada,,Energy,Company,Suncor Energy,TSX:SU,,1,"Integrated oil sands, refining, retail",https://www.suncor.com,,
Industry_Companies,national,Canada,,Energy,Company,TC Energy,TSX:TRP,,1,"Major pipeline/power infrastructure, NGTL, Coastal GasLink",https://www.tcenergy.com,,
Industry_Companies,national,Canada,,Energy,Company,Pembina Pipeline,TSX:PPL,,1,"Midstream oil/gas, pipelines, processing, NGL",https://www.pembina.com,,
Industry_Companies,national,Canada,,Energy,Company,ARC Resources,TSX:ARX,,2,"Montney natural gas/condensate, major producer",https://www.arcresources.com,,
Industry_Companies,national,Canada,,Energy,Company,Imperial Oil,TSX:IMO,,2,"Oil sands, refining, Exxon subsidiary, Kearl",https://www.imperialoil.ca,,Majority owned by ExxonMobil
Industry_Companies,national,Canada,,Energy,Company,Tourmaline Oil,TSX:TOU,,1,"Canada's largest natural gas producer",https://www.tourmalineoil.com,,
Industry_Companies,national,Canada,,Energy,Company,MEG Energy,TSX:MEG,,2,"Oil sands, Christina Lake SAGD, bitumen blending",https://www.megenergy.com,,
Industry_Companies,national,Canada,,Mining,Company,Barrick Gold,TSX:ABX,,1,"Major gold/copper miner, global operations",https://www.barrick.com,,HQ Toronto
Industry_Companies,national,Canada,,Mining,Company,First Quantum Minerals,TSX:FM,,2,"Copper mining, global operations, Cobre Panama",https://www.first-quantum.com,,HQ Vancouver
Industry_Companies,national,Canada,,Mining,Company,Lundin Mining,TSX:LUN,,2,"Copper/zinc/nickel, Candelaria, Eagle, Neves-Corvo",https://www.lundinmining.com,,HQ Vancouver
Industry_Companies,national,Canada,,Mining,Company,Agnico Eagle Mines,TSX:AEM,,1,"Gold mining, Canadian/global operations, Nunavut anchor",https://www.agnicoeagle.com,,HQ Toronto
Industry_Companies,national,Canada,,Mining,Company,Kinross Gold,TSX:K,,2,"Gold mining, Americas/West Africa operations",https://www.kinross.com,,HQ Toronto
Industry_Companies,national,Canada,,Mining,Company,Teck Resources,TSX:TECK.B,,1,"Diversified miner, copper focus post-coal sale",https://www.teck.com,,HQ Vancouver
Industry_Companies,national,Canada,,Mining,Company,Ivanhoe Mines,TSX:IVN,,2,"Copper/zinc/PGMs, Kamoa-Kakula (DRC), Platreef",https://www.ivanhoemines.com,,HQ Vancouver
Industry_Companies,national,Canada,,Financial Services,Company,Royal Bank of Canada (RBC),TSX:RY,,1,"Canada's largest bank, global wealth management",https://www.rbc.com,,
Industry_Companies,national,Canada,,Financial Services,Company,Toronto-Dominion Bank (TD),TSX:TD,,1,"Major bank, large US retail footprint",https://www.td.com,,
Industry_Companies,national,Canada,,Financial Services,Company,Bank of Montreal (BMO),TSX:BMO,,1,"Big 5 bank, growing US presence via BancWest",https://www.bmo.com,,
Industry_Companies,national,Canada,,Financial Services,Company,Bank of Nova Scotia (Scotiabank),TSX:BNS,,1,"Big 5 bank, Latin America/Pacific Alliance focus",https://www.scotiabank.com,,
Industry_Companies,national,Canada,,Financial Services,Company,Manulife Financial,TSX:MFC,,1,"Life insurance, wealth/asset management, Asia growth",https://www.manulife.com,,
Industry_Companies,national,Canada,,Financial Services,Company,Sun Life Financial,TSX:SLF,,1,"Life insurance, asset management, MFS",https://www.sunlife.com,,
Industry_Companies,national,Canada,,Financial Services/Infrastructure,Company,Brookfield Corporation,TSX:BN,,1,"Global alternative asset management, infrastructure, renewables",https://www.brookfield.com,,
Industry_Companies,national,Canada,,Financial Services,Company,Fairfax Financial Holdings,TSX:FFH,,2,"Insurance, investments, global conglomerate",https://www.fairfax.ca,,
Industry_Companies,national,Canada,,Technology,Company,Shopify,TSX:SHOP,,1,"E-commerce platform, Canada's tech leader",https://www.shopify.com,,
Industry_Companies,national,Canada,,Technology,Company,Constellation Software,TSX:CSU,,1,"Acquires/manages vertical market software businesses",https://www.csisoftware.com,,
Industry_Companies,national,Canada,,Technology,Company,OpenText,TSX:OTEX,,2,"Enterprise information management, Micro Focus acquisition",https://www.opentext.com,,
Industry_Companies,national,Canada,,Technology,Company,CGI Group,TSX:GIB.A,,2,"IT consulting, managed services, global operations",https://www.cgi.com,,HQ Montreal
Industry_Companies,national,Canada,,Technology,Company,Descartes Systems Group,TSX:DSG,,2,"Logistics technology, customs/trade compliance, SaaS",https://www.descartes.com,,HQ Waterloo
Industry_Companies,national,Canada,,Consumer/Retail,Company,Alimentation Couche-Tard,TSX:ATD,,1,"Global convenience/fuel retail, Circle K",https://corpo.couche-tard.com,,
Industry_Companies,national,Canada,,Consumer/Retail,Company,Loblaw Companies,TSX:L,,1,"Canada's largest grocer, Shoppers Drug Mart, real estate",https://www.loblaw.ca,,
Industry_Companies,national,Canada,,Consumer/Retail,Company,George Weston Limited,TSX:WN,,1,"Loblaw parent, Weston Foods (divested), Choice Properties",https://www.weston.ca,,
Industry_Companies,national,Canada,,Consumer/Retail,Company,Metro Inc,TSX:MRU,,2,"Grocer/pharmacy, Quebec/Ontario, Jean Coutu",https://corpo.metro.ca,,HQ Montreal
Industry_Companies,national,Canada,,Consumer/Food,Company,Saputo,TSX:SAP,,2,"Major dairy processor, global operations",https://www.saputo.com,,HQ Montreal
Industry_Companies,national,Canada,,Consumer/Retail,Company,Dollarama,TSX:DOL,,1,"Discount retailer, Dollarcity (LatAm), high growth",https://www.dollarama.com,,HQ Montreal
Industry_Companies,national,Canada,,Consumer/QSR,Company,Restaurant Brands International,TSX:QSR,,1,"Tim Hortons, Burger King, Popeyes, Firehouse Subs",https://www.rbi.com,,HQ Toronto
Industry_Companies,national,Canada,,Consumer/Auto Parts,Company,Magna International,TSX:MG,,1,"Global auto parts manufacturer, EV components",https://www.magna.com,,HQ Aurora ON
Industry_Companies,national,Canada,,Consumer/Apparel,Company,Gildan Activewear,TSX:GIL,,2,"Basic apparel manufacturer, printwear, retail brands",https://www.gildancorp.com,,HQ Montreal
Industry_Companies,national,Canada,,Consumer/Retail,Company,Aritzia,TSX:ATZ,,2,"Fashion retailer, strong US expansion",https://www.aritzia.com,,HQ Vancouver
Industry_Companies,national,Canada,,Industrials/Rail,Company,Canadian Pacific Kansas City (CPKC),TSX:CP,,1,"Transcontinental railway, only single-line USMCA rail network",https://www.cpkcr.com,,
Industry_Companies,national,Canada,,Industrials/Rail,Company,Canadian National Railway (CNR),TSX:CNR,,1,"Canada's largest railway, coast-to-coast-to-Gulf network",https://www.cn.ca,,
Industry_Companies,national,Canada,,Industrials/Media,Company,Thomson Reuters,TSX:TRI,,1,"Information services, legal/tax/news, AI integration",https://www.thomsonreuters.com,,HQ Toronto
Industry_Companies,national,Canada,,Industrials/Waste,Company,Waste Connections,TSX:WCN,,2,"Solid waste services, North American operations",https://www.wasteconnections.com,,HQ Woodbridge ON
Industry_Companies,national,Canada,,Industrials/Engineering,Company,WSP Global,TSX:WSP,,1,"Global engineering/professional services, major infrastructure projects",https://www.wsp.com,,HQ Montreal
Industry_Companies,national,Canada,,Real Estate,Company,FirstService Corporation,TSX:FSV,,2,"Property services, FirstService Residential, Century 21 Canada",https://www.firstservice.com,,HQ Toronto
Industry_Companies,national,Canada,,Real Estate,Company,Colliers International,TSX:CIGI,,2,"Global commercial real estate services, engineering",https://www.colliers.com,,HQ Toronto
Industry_Companies,national,Canada,,Real Estate,Company,Canadian Apartment Properties REIT (CAPREIT),TSX:CAR.UN,,2,"Largest residential REIT in Canada",https://www.capreit.ca,,HQ Toronto
Industry_Companies,national,Canada,,Real Estate,Company,Boardwalk REIT,TSX:BEI.UN,,2,"Multi-family residential REIT, Western Canada focus",https://www.bfreit.com,,HQ Calgary
Industry_Companies,national,Canada,,Real Estate,Company,Choice Properties REIT,TSX:CHP.UN,,2,"Retail/industrial REIT, Loblaw anchor tenants",https://www.choicereit.ca,,HQ Toronto
Industry_Companies,national,Canada,,Agriculture,Company,Nutrien,TSX:NTR,,1,"World's largest crop input supplier, potash/nitrogen/phosphate",https://www.nutrien.com,,
Industry_Companies,national,Canada,,Agriculture,Company,Viterra (Bunge acquisition pending),Private,,2,"Global grain handling, marketing, distribution",https://www.viterra.com,,Bunge acquisition pending
Industry_Companies,national,Canada,,Agriculture/Food,Company,Saputo,TSX:SAP,,2,"Major dairy processor, cheese, fluid milk, global",https://www.saputo.com,,Duplicate for agriculture classification
Industry_Companies,national,Canada,,Agriculture/Food,Company,George Weston Limited,TSX:WN,,2,"Food retail/processing via Loblaw, bakeries",https://www.weston.ca,,Duplicate for agriculture classification
Industry_Companies,national,Canada,,Agriculture/Food,Company,Maple Leaf Foods,TSX:MFI,,2,"Protein company, meat/plant-based, sustainability leader",https://www.mapleleaffoods.com,,HQ Mississauga ON
Industry_Companies,national,Canada,,Industrials/Aerospace,Company,CAE Inc,TSX:CAE,,2,"Flight simulation, pilot training, defence and security",https://www.cae.com,,HQ Montreal
Industry_Companies,national,Canada,,Industrials/Aerospace,Company,Bombardier Inc,TSX:BBD.B,,2,"Business jets, Challenger and Global series, aftermarket",https://www.bombardier.com,,HQ Montreal
Industry_Sources,provincial,NS,,NAICS 21,Provincial Agency,Canada-Nova Scotia Offshore Petroleum Board (CNSOPB),CEO,,2,"NS offshore petroleum regulation",https://www.cnsopb.ns.ca,,Also listed in federal
Industry_Sources,provincial,QC,,NAICS 22,Provincial Crown Corp,Hydro-Quebec (regulatory context),VP Regulatory,,2,"QC electricity rates, regulatory filings",https://www.hydroquebec.com,,Regie de l'energie filings
Industry_Sources,federal,Canada,,NAICS 48-49,Federal Agency,Canadian Nuclear Safety Commission (CNSC),President,,2,"Nuclear reactor licensing, radiation safety, uranium mines",https://www.nuclearsafety.gc.ca,,
Global_Watchlist,international,Australia,,Monetary Policy,Person,Michele Bullock,Governor of the Reserve Bank of Australia,,2,"RBA rates, AUD, commodity economy parallel to Canada",https://www.rba.gov.au,,
Global_Watchlist,international,India,,Government,Person,Narendra Modi,Prime Minister of India,,2,"India trade, immigration source country, critical minerals demand",https://www.india.gov.in,,
Global_Watchlist,international,Mexico,,Government,Person,Claudia Sheinbaum,President of Mexico,,2,"CUSMA partner, nearshoring, auto supply chain",https://www.gob.mx/presidencia,,
Global_Watchlist,international,Saudi Arabia,,Energy,Person,Abdulaziz bin Salman,Minister of Energy,,1,"OPEC+ production decisions, oil price impact on Canada",https://www.moenergy.gov.sa,,
Global_Watchlist,international,Global,,Finance,Agency,International Monetary Fund (IMF),Managing Director,,2,"Global economic outlook, Article IV reviews, financial stability",https://www.imf.org,,
Global_Watchlist,international,Global,,Finance,Agency,World Bank,President,,2,"Global development, commodity price forecasts",https://www.worldbank.org,,
Global_Watchlist,international,Global,,Finance,Agency,Bank for International Settlements (BIS),General Manager,,2,"Central bank coordination, global financial regulation, Basel standards",https://www.bis.org,,
Provincial_Dept_Officials,provincial,ON,,Infrastructure,Person,,President of Infrastructure Ontario,,2,"ON major capital project delivery, P3s, real estate",https://www.infrastructureontario.ca,,
Provincial_Dept_Officials,provincial,ON,,Trade,Person,,CEO of Ontario Investment Office,,2,"ON foreign direct investment attraction",https://www.investontario.ca,,
Provincial_Dept_Officials,provincial,QC,,Trade,Person,,CEO of Montreal International,,2,"Greater Montreal foreign investment and talent attraction",https://www.montrealinternational.com,,Regional agency
Provincial_Dept_Officials,provincial,AB,,Innovation,Person,,CEO of Alberta Innovates,,2,"AB research/innovation funding, tech commercialization",https://albertainnovates.ca,,
Provincial_Dept_Officials,provincial,AB,,Investment,Person,,CEO of Invest Alberta,,2,"AB foreign investment attraction, sector development",https://investalberta.ca,,
Provincial_Dept_Officials,provincial,SK,,Investment,Person,,CEO of Saskatchewan Trade and Export Partnership (STEP),,2,"SK export promotion, trade missions",https://www.sasktrade.com,,
Provincial_Dept_Officials,provincial,MB,,Investment,Person,,CEO of Economic Development Winnipeg,,2,"Winnipeg investment attraction, sector development",https://www.economicdevelopmentwinnipeg.com,,Municipal-provincial
Provincial_Dept_Officials,provincial,BC,,Investment,Person,,CEO of Trade and Invest BC,,2,"BC export promotion, FDI attraction",https://www.britishcolumbia.ca/invest,,
Provincial_Dept_Officials,provincial,BC,,Crown Corp,Person,,CEO of BC Ferries,,2,"BC coastal transportation, major capital procurement",https://www.bcferries.com,,
Provincial_Dept_Officials,provincial,AB,,Crown Corp,Person,,CEO of Alberta Gaming Liquor and Cannabis Commission,,3,"AB gaming, liquor, cannabis regulation/revenue",https://aglc.ca,,
Provincial_Dept_Officials,provincial,ON,,Crown Corp,Person,,CEO of LCBO,,3,"ON liquor retail Crown corp, significant provincial revenue",https://www.lcbo.com,,
Provincial_Dept_Officials,provincial,QC,,Crown Corp,Person,,CEO of Societe des alcools du Quebec (SAQ),,3,"QC liquor retail Crown corp, significant provincial revenue",https://www.saq.com,,
Provincial_Dept_Officials,provincial,NL,,Investment,Person,,CEO of Newfoundland and Labrador Business/Trade,,2,"NL investment attraction, trade development",https://www.gov.nl.ca/iet/,,
Provincial_Dept_Officials,provincial,NS,,Immigration,Person,,Executive Director of Nova Scotia Office of Immigration,,2,"NS immigration programs, Atlantic Immigration Program",https://novascotiaimmigration.com,,
Provincial_Dept_Officials,provincial,ON,,Nuclear,Person,,President of Bruce Power,,2,"ON nuclear generation, Bruce site refurbishment",https://www.brucepower.com,,Private operator on Crown land
Provincial_Dept_Officials,provincial,SK,,Crown Corp,Person,,President of Saskatchewan Water Security Agency,,2,"SK water infrastructure, irrigation",https://www.wsask.ca,,
Provincial_Dept_Officials,provincial,MB,,Crown Corp,Person,,CEO of Manitoba Centennial Centre Corporation,,3,"MB arts/culture infrastructure, downtown Winnipeg",https://www.gov.mb.ca,,
Provincial_Dept_Officials,provincial,PE,,Crown Corp,Person,,CEO of Finance PEI,,2,"PEI business lending, economic development",https://www.financepei.ca,,
